cohort	cohort_label	strategy	strategy_label	samples	median_uncached_hours	median_cached_hours	median_hours_saved	median_hit_rate	median_speedup
pgp	PGP · GRCh37	gnomad_af_0.1	gnomAD ≥10%	12	1.26630736724721	0.211586695728604	1.05472067151861	0.840140218243125	5.09526059924555
pgp	PGP · GRCh37	gnomad_af_0.01	gnomAD ≥1%	12	1.26630736724721	0.108560652510577	1.159304832144	0.92656797400414	9.00772702720301
pgp	PGP · GRCh37	cohort_3_genomes	Cohort: 3 genomes	12	1.26630736724721	0.327235659177645	0.939071708069565	0.774516389074606	3.69250767047819
sgdp	SGDP · GRCh38	gnomad_af_0.1	gnomAD ≥10%	20	2.60789023908348	0.499237586283319	2.09906723213498	0.833038533751431	5.10842519001268
sgdp	SGDP · GRCh38	gnomad_af_0.01	gnomAD ≥1%	20	2.60789023908348	0.265377709204574	2.35149218905374	0.930385144236506	9.75647984067211
sgdp	SGDP · GRCh38	cohort_3_genomes	Cohort: 3 genomes	20	2.60789023908348	0.570961615317905	2.02281690897669	0.814723372166527	4.63367101391059
kpgp	KPGP · GRCh38	gnomad_af_0.1	gnomAD ≥10%	20	2.6031974660736	0.573146810363056	2.01642538403125	0.813179345448292	4.53020641910823
kpgp	KPGP · GRCh38	gnomad_af_0.01	gnomAD ≥1%	20	2.6031974660736	0.311334616830007	2.27812747353054	0.919522570030874	8.68643308664854
kpgp	KPGP · GRCh38	cohort_3_genomes	Cohort: 3 genomes	20	2.6031974660736	0.519108247429184	2.07958811957735	0.828827180816682	4.8060152816352
