assembly	bundled_alias	cache_hit_rate	cached_wall_seconds	cohort	ignored_annotation_mismatches	input_records	phase	raw_annotation_mismatches	relative_runtime	replicate	sample	semantic_pass	speedup	strategy	strategy_kind	uncached_wall_seconds	zenodo_doi	statistics_mode	semantic_comparator	population	superpopulation	provider	input_sha256	randomization_key
GRCh37	cache-gnomad-v4.1-GRCh37-joint-af01-vep115.2-e	0.877846410399487	679.0248226730037	pgp	21	3749108	warmup	21	0.16870835043308954	1	hu6ABACE	True	5.927388878101825	gnomad_af_0.1	bundled_zenodo	4024.8441818670253	10.5281/zenodo.18189051	legacy_full_rescan	legacy_vep_semantic			Dante	d7d0a69b9097e60cc7f3135fd0aa6c571cf228ece2a6397620b432789e0380a1	36474c07a9cba1df5b2cca69a9bfc2b38fc7dbc7bac3f1a14d6de1f4ddb91d5a
GRCh37	cache-gnomad-v4.1-GRCh37-joint-af001-vep115.2-e	0.9568860112858846	383.06892475602217	pgp	19	3749108	warmup	19	0.09517608817798408	1	hu6ABACE	True	10.50684073220103	gnomad_af_0.01	bundled_zenodo	4024.8441818670253	10.5281/zenodo.18189348	legacy_full_rescan	legacy_vep_semantic			Dante	d7d0a69b9097e60cc7f3135fd0aa6c571cf228ece2a6397620b432789e0380a1	36474c07a9cba1df5b2cca69a9bfc2b38fc7dbc7bac3f1a14d6de1f4ddb91d5a
GRCh37		0.8146124358113983	929.4092887649895	pgp	28	3749108	warmup	28	0.2309180795003745	1	hu6ABACE	True	4.330540086612743	cohort_3_genomes	custom_cohort	4024.8441818670253		legacy_full_rescan	legacy_vep_semantic			Dante	d7d0a69b9097e60cc7f3135fd0aa6c571cf228ece2a6397620b432789e0380a1	36474c07a9cba1df5b2cca69a9bfc2b38fc7dbc7bac3f1a14d6de1f4ddb91d5a
GRCh37	cache-gnomad-v4.1-GRCh37-joint-af01-vep115.2-e	0.787582988714999	1744.0057832629536	pgp	96	4985467	warmup	96	0.2652892581426001	1	hu365511	True	3.7694703773587137	gnomad_af_0.1	bundled_zenodo	6573.9781379519845	10.5281/zenodo.18189051	legacy_full_rescan	legacy_vep_semantic			Veritas	03115425e112d24f7ce41314a045ead3e99d8df2e67f0ec5cf71c27cec041d9a	440c7a2e9af0d42be40f1ca055889af2afb772cf38f8d6157afa531fd6168996
GRCh37	cache-gnomad-v4.1-GRCh37-joint-af001-vep115.2-e	0.8732929131814532	1156.845883004018	pgp	96	4985467	warmup	96	0.17597349104729676	1	hu365511	True	5.682674100789579	gnomad_af_0.01	bundled_zenodo	6573.9781379519845	10.5281/zenodo.18189348	legacy_full_rescan	legacy_vep_semantic			Veritas	03115425e112d24f7ce41314a045ead3e99d8df2e67f0ec5cf71c27cec041d9a	440c7a2e9af0d42be40f1ca055889af2afb772cf38f8d6157afa531fd6168996
GRCh37		0.7525565809582131	2010.8181471429998	pgp	79	4985467	warmup	79	0.30587539309484796	1	hu365511	True	3.2693051568548803	cohort_3_genomes	custom_cohort	6573.9781379519845		legacy_full_rescan	legacy_vep_semantic			Veritas	03115425e112d24f7ce41314a045ead3e99d8df2e67f0ec5cf71c27cec041d9a	440c7a2e9af0d42be40f1ca055889af2afb772cf38f8d6157afa531fd6168996
GRCh38	cache-gnomad-v4.1-GRCh38-joint-af01-vep115.2-e	0.8128818045136866	2366.7053708190215	kpgp	0	4995030	warmup	0	0.22684002538150064	1	KPGP-00354	True	4.408393088116593	gnomad_af_0.1	bundled_zenodo	10433.367598326993	10.5281/zenodo.18189447	legacy_full_rescan	legacy_vep_semantic	Korean	EastAsia	DDBJ_NIG	7fb803344347b76d076c5c4635e3cde2ef2be4b8c967fb8bb3e466dfddb5648b	03ff75e443ac23fe8faa5aae1356c30ea1e61f8d09e1a453e848bd2078f67701
GRCh38	cache-gnomad-v4.1-GRCh38-joint-af001-vep115.2-e	0.9214885596282705	1269.9532757589477	kpgp	21	4995030	warmup	21	0.1217203615027028	1	KPGP-00354	True	8.215552333680796	gnomad_af_0.01	bundled_zenodo	10433.367598326993	10.5281/zenodo.18190046	legacy_full_rescan	legacy_vep_semantic	Korean	EastAsia	DDBJ_NIG	7fb803344347b76d076c5c4635e3cde2ef2be4b8c967fb8bb3e466dfddb5648b	03ff75e443ac23fe8faa5aae1356c30ea1e61f8d09e1a453e848bd2078f67701
GRCh38		0.8165756762221649	2434.556910373969	kpgp	0	4995030	warmup	0	0.23334334647274904	1	KPGP-00354	True	4.285530378800773	cohort_3_genomes	custom_cohort	10433.367598326993		legacy_full_rescan	legacy_vep_semantic	Korean	EastAsia	DDBJ_NIG	7fb803344347b76d076c5c4635e3cde2ef2be4b8c967fb8bb3e466dfddb5648b	03ff75e443ac23fe8faa5aae1356c30ea1e61f8d09e1a453e848bd2078f67701
GRCh38	cache-gnomad-v4.1-GRCh38-joint-af01-vep115.2-e	0.8329168093337762	1243.39007605199	sgdp	0	4690406	warmup	0	0.20489219396614006	1	LP6005443-DNA_B07	True	4.880615413612377	gnomad_af_0.1	bundled_zenodo	6068.508770312008	10.5281/zenodo.18189447	legacy_full_rescan	legacy_vep_semantic	Thai	EastAsia	DDBJ_NIG	ee1f36aad5b9c5595501a2e38cb5213658d1820dccdff31857caf0d3a550f552	040a91f194dbe28ebac6ae9688bcfec986bd95d81d6c175704656d0b56134b7f
GRCh38	cache-gnomad-v4.1-GRCh38-joint-af001-vep115.2-e	0.930989556127977	662.9601138900034	sgdp	0	4690406	warmup	0	0.10924596782875175	1	LP6005443-DNA_B07	True	9.153655918610632	gnomad_af_0.01	bundled_zenodo	6068.508770312008	10.5281/zenodo.18190046	legacy_full_rescan	legacy_vep_semantic	Thai	EastAsia	DDBJ_NIG	ee1f36aad5b9c5595501a2e38cb5213658d1820dccdff31857caf0d3a550f552	040a91f194dbe28ebac6ae9688bcfec986bd95d81d6c175704656d0b56134b7f
GRCh38		0.8178567057947649	1330.0180452729692	sgdp	0	4690406	warmup	0	0.21916719504132598	1	LP6005443-DNA_B07	True	4.562726642604706	cohort_3_genomes	custom_cohort	6068.508770312008		legacy_full_rescan	legacy_vep_semantic	Thai	EastAsia	DDBJ_NIG	ee1f36aad5b9c5595501a2e38cb5213658d1820dccdff31857caf0d3a550f552	040a91f194dbe28ebac6ae9688bcfec986bd95d81d6c175704656d0b56134b7f
GRCh38	cache-gnomad-v4.1-GRCh38-joint-af01-vep115.2-e	0.8520323350611426	1765.851483387989	sgdp	0	4835989	warmup	0	0.18582238767262121	1	LP6005443-DNA_E05	True	5.381482890865568	gnomad_af_0.1	bundled_zenodo	9502.899545662047	10.5281/zenodo.18189447	legacy_full_rescan	legacy_vep_semantic	Tlingit	CentralAsiaSiberia	DDBJ_NIG	572788ab521486ffc2f3978e39b971c6b1a35cd1ceee80452cfa51534745f823	186a527190f63b6bae4ceab03ce090bd59ac6f0e52ec9f2b3c99cb4d8b5dac5c
GRCh38	cache-gnomad-v4.1-GRCh38-joint-af001-vep115.2-e	0.9436963152728428	942.9545063379919	sgdp	0	4835989	warmup	0	0.09922808315578151	1	LP6005443-DNA_E05	True	10.07779217532668	gnomad_af_0.01	bundled_zenodo	9502.899545662047	10.5281/zenodo.18190046	legacy_full_rescan	legacy_vep_semantic	Tlingit	CentralAsiaSiberia	DDBJ_NIG	572788ab521486ffc2f3978e39b971c6b1a35cd1ceee80452cfa51534745f823	186a527190f63b6bae4ceab03ce090bd59ac6f0e52ec9f2b3c99cb4d8b5dac5c
GRCh38		0.8243916601133708	2042.7063302239985	sgdp	0	4835989	warmup	0	0.2149561110699595	1	LP6005443-DNA_E05	True	4.652112447617461	cohort_3_genomes	custom_cohort	9502.899545662047		legacy_full_rescan	legacy_vep_semantic	Tlingit	CentralAsiaSiberia	DDBJ_NIG	572788ab521486ffc2f3978e39b971c6b1a35cd1ceee80452cfa51534745f823	186a527190f63b6bae4ceab03ce090bd59ac6f0e52ec9f2b3c99cb4d8b5dac5c
GRCh37	cache-gnomad-v4.1-GRCh37-joint-af01-vep115.2-e	0.8965845567543332	571.8040921550128	pgp	26	3354528	warmup	26	0.1518715896534042	1	huB333AA	True	6.584509994806557	gnomad_af_0.1	bundled_zenodo	3765.0497598659713	10.5281/zenodo.18189051	legacy_full_rescan	legacy_vep_semantic			Dante	ad5ec2bce92f5835444aee1592f6178ef977b9a5c6e42a2a1fcbcf9ca8bfc247	808bc0ef8c9f121ea98ca27deef0a8318a8b35d64d351fa1ab1a8e27d03c5821
GRCh37	cache-gnomad-v4.1-GRCh37-joint-af001-vep115.2-e	0.9689819253260071	316.72609518200625	pgp	1	3354528	warmup	1	0.08412268505935526	1	huB333AA	True	11.887399924222821	gnomad_af_0.01	bundled_zenodo	3765.0497598659713	10.5281/zenodo.18189348	legacy_full_rescan	legacy_vep_semantic			Dante	ad5ec2bce92f5835444aee1592f6178ef977b9a5c6e42a2a1fcbcf9ca8bfc247	808bc0ef8c9f121ea98ca27deef0a8318a8b35d64d351fa1ab1a8e27d03c5821
GRCh37		0.8365644883572294	786.1066715419875	pgp	27	3354528	warmup	27	0.20879051318832273	1	huB333AA	True	4.789489640738754	cohort_3_genomes	custom_cohort	3765.0497598659713		legacy_full_rescan	legacy_vep_semantic			Dante	ad5ec2bce92f5835444aee1592f6178ef977b9a5c6e42a2a1fcbcf9ca8bfc247	808bc0ef8c9f121ea98ca27deef0a8318a8b35d64d351fa1ab1a8e27d03c5821
GRCh38	cache-gnomad-v4.1-GRCh38-joint-af01-vep115.2-e	0.6092032385907753	5006.695109432971	sgdp	0	6169350	warmup	0	0.40794967335328414	1	LP6005592-DNA_C05	True	2.4512827569639963	gnomad_af_0.1	bundled_zenodo	12272.825391129008	10.5281/zenodo.18189447	legacy_full_rescan	legacy_vep_semantic	Khomani_San	Africa	DDBJ_NIG	0958ba82c15402c7c9129948ddb0c4ff8617f2fff9df7fba3b5de17601c6b0f4	7ddbcf9b2708b596da44b4bcf0f2f2dd35bbc252dee463089ab0b8c16dc330d6
GRCh38	cache-gnomad-v4.1-GRCh38-joint-af001-vep115.2-e	0.7898154586787911	2835.266978732019	sgdp	0	6169350	warmup	0	0.23101990685709542	1	LP6005592-DNA_C05	True	4.328631301105066	gnomad_af_0.01	bundled_zenodo	12272.825391129008	10.5281/zenodo.18190046	legacy_full_rescan	legacy_vep_semantic	Khomani_San	Africa	DDBJ_NIG	0958ba82c15402c7c9129948ddb0c4ff8617f2fff9df7fba3b5de17601c6b0f4	7ddbcf9b2708b596da44b4bcf0f2f2dd35bbc252dee463089ab0b8c16dc330d6
GRCh38		0.5792033196365906	5347.3099211239605	sgdp	183	6169350	warmup	183	0.43570325093919127	1	LP6005592-DNA_C05	True	2.2951400932731727	cohort_3_genomes	custom_cohort	12272.825391129008		legacy_full_rescan	legacy_vep_semantic	Khomani_San	Africa	DDBJ_NIG	0958ba82c15402c7c9129948ddb0c4ff8617f2fff9df7fba3b5de17601c6b0f4	7ddbcf9b2708b596da44b4bcf0f2f2dd35bbc252dee463089ab0b8c16dc330d6
GRCh37	cache-gnomad-v4.1-GRCh37-joint-af01-vep115.2-e	0.8090231280935001	1388.7751498870202	pgp	117	4839785	warmup	117	0.23623780612928125	1	hu9AF7CC	True	4.233022717171482	gnomad_af_0.1	bundled_zenodo	5878.716758514987	10.5281/zenodo.18189051	legacy_full_rescan	legacy_vep_semantic			Veritas	5ea0f70fdcb8ed54ad6ce87c0a9e0978518f4b9029e490362554e056610cc161	6d847d7b8518fe679055917c96fd621fd3a5e50d5f25e816d4ac2113a8d473c2
GRCh37	cache-gnomad-v4.1-GRCh37-joint-af001-vep115.2-e	0.8962499367223957	912.7252694309573	pgp	120	4839785	warmup	120	0.1552592694840973	1	hu9AF7CC	True	6.440839270485083	gnomad_af_0.01	bundled_zenodo	5878.716758514987	10.5281/zenodo.18189348	legacy_full_rescan	legacy_vep_semantic			Veritas	5ea0f70fdcb8ed54ad6ce87c0a9e0978518f4b9029e490362554e056610cc161	6d847d7b8518fe679055917c96fd621fd3a5e50d5f25e816d4ac2113a8d473c2
GRCh37		0.774045954520707	1646.8245955510065	pgp	110	4839785	warmup	110	0.2801333459663071	1	hu9AF7CC	True	3.569728539637243	cohort_3_genomes	custom_cohort	5878.716758514987		legacy_full_rescan	legacy_vep_semantic			Veritas	5ea0f70fdcb8ed54ad6ce87c0a9e0978518f4b9029e490362554e056610cc161	6d847d7b8518fe679055917c96fd621fd3a5e50d5f25e816d4ac2113a8d473c2
GRCh38	cache-gnomad-v4.1-GRCh38-joint-af01-vep115.2-e	0.8254794420369539	2183.026174370025	sgdp	495	4840679	warmup	495	0.21278926644762786	1	LP6005519-DNA_B06	True	4.6994851605737455	gnomad_af_0.1	bundled_zenodo	10259.099111596006	10.5281/zenodo.18189447	legacy_full_rescan	legacy_vep_semantic	Burmese	EastAsia	DDBJ_NIG	e90ebbcbafacf3ceda187686f67b0f3b5b631aaa2943b765efc767547790ccfc	d44376077cc159b57b054d081380d3a8a9c89856a9fcc670410eb67c91fc2cbc
GRCh38	cache-gnomad-v4.1-GRCh38-joint-af001-vep115.2-e	0.9263305829616052	1166.9809943999862	sgdp	466	4840679	warmup	466	0.11375082565299822	1	LP6005519-DNA_B06	True	8.791144980789353	gnomad_af_0.01	bundled_zenodo	10259.099111596006	10.5281/zenodo.18190046	legacy_full_rescan	legacy_vep_semantic	Burmese	EastAsia	DDBJ_NIG	e90ebbcbafacf3ceda187686f67b0f3b5b631aaa2943b765efc767547790ccfc	d44376077cc159b57b054d081380d3a8a9c89856a9fcc670410eb67c91fc2cbc
GRCh38		0.8140907504918216	2361.2670037489734	sgdp	466	4840679	warmup	466	0.2301631925048857	1	LP6005519-DNA_B06	True	4.3447433497811465	cohort_3_genomes	custom_cohort	10259.099111596006		legacy_full_rescan	legacy_vep_semantic	Burmese	EastAsia	DDBJ_NIG	e90ebbcbafacf3ceda187686f67b0f3b5b631aaa2943b765efc767547790ccfc	d44376077cc159b57b054d081380d3a8a9c89856a9fcc670410eb67c91fc2cbc
GRCh37	cache-gnomad-v4.1-GRCh37-joint-af01-vep115.2-e	0.74998732211919	1091.6230521860416	pgp	0	2464923	warmup	0	0.30703952815262325	1	huDEFDD1	True	3.2569096429268867	gnomad_af_0.1	bundled_zenodo	3555.317645105999	10.5281/zenodo.18189051	legacy_full_rescan	legacy_vep_semantic			Veritas	5d0f65324b9f766bf3c5a32121be8f093e18b00653e19f9fdf09d22e1250e2e0	573a73b68a3401e4395734620b3ed4182040eb8adcdf4fcc3e338f400aa6b674
GRCh37	cache-gnomad-v4.1-GRCh37-joint-af001-vep115.2-e	0.8561622411734565	713.4092749360134	pgp	17	2464923	warmup	17	0.20065978518629485	1	huDEFDD1	True	4.9835596059847695	gnomad_af_0.01	bundled_zenodo	3555.317645105999	10.5281/zenodo.18189348	legacy_full_rescan	legacy_vep_semantic			Veritas	5d0f65324b9f766bf3c5a32121be8f093e18b00653e19f9fdf09d22e1250e2e0	573a73b68a3401e4395734620b3ed4182040eb8adcdf4fcc3e338f400aa6b674
GRCh37		0.7135813167389002	1236.2938496709685	pgp	2	2464923	warmup	2	0.3477309126999563	1	huDEFDD1	True	2.8757868900279844	cohort_3_genomes	custom_cohort	3555.317645105999		legacy_full_rescan	legacy_vep_semantic			Veritas	5d0f65324b9f766bf3c5a32121be8f093e18b00653e19f9fdf09d22e1250e2e0	573a73b68a3401e4395734620b3ed4182040eb8adcdf4fcc3e338f400aa6b674
GRCh38	cache-gnomad-v4.1-GRCh38-joint-af01-vep115.2-e	0.8335983142742929	1937.634010121983	sgdp	0	4833052	warmup	0	0.2023866241517596	1	LP6005677-DNA_B02	True	4.941037996909075	gnomad_af_0.1	bundled_zenodo	9573.923268116021	10.5281/zenodo.18189447	legacy_full_rescan	legacy_vep_semantic	Kyrgyz	CentralAsiaSiberia	DDBJ_NIG	63f3807df44b660834474c1d5f273adbe9aad5f0cad5799f35d267b900c02497	98269af1513b07165d526d812c8faed5519d1a0bf0a355e6c325137c37b886bd
GRCh38	cache-gnomad-v4.1-GRCh38-joint-af001-vep115.2-e	0.9307358993861435	1068.548870744009	sgdp	0	4833052	warmup	0	0.11161034414204998	1	LP6005677-DNA_B02	True	8.959743003097174	gnomad_af_0.01	bundled_zenodo	9573.923268116021	10.5281/zenodo.18190046	legacy_full_rescan	legacy_vep_semantic	Kyrgyz	CentralAsiaSiberia	DDBJ_NIG	63f3807df44b660834474c1d5f273adbe9aad5f0cad5799f35d267b900c02497	98269af1513b07165d526d812c8faed5519d1a0bf0a355e6c325137c37b886bd
GRCh38		0.819125058037861	2095.068185787997	sgdp	64	4833052	warmup	64	0.21883068488392737	1	LP6005677-DNA_B02	True	4.569743043716296	cohort_3_genomes	custom_cohort	9573.923268116021		legacy_full_rescan	legacy_vep_semantic	Kyrgyz	CentralAsiaSiberia	DDBJ_NIG	63f3807df44b660834474c1d5f273adbe9aad5f0cad5799f35d267b900c02497	98269af1513b07165d526d812c8faed5519d1a0bf0a355e6c325137c37b886bd
GRCh38	cache-gnomad-v4.1-GRCh38-joint-af01-vep115.2-e	0.8023469328603546	1460.9521167789935	kpgp	427	4795706	warmup	427	0.231451274375264	1	KPGP-00319	True	4.320563810673377	gnomad_af_0.1	bundled_zenodo	6312.136844881985	10.5281/zenodo.18189447	legacy_full_rescan	legacy_vep_semantic	Korean	EastAsia	DDBJ_NIG	d6475ce97e229330544087887c53897864a777e23fbdd9c20332b4b8fe56ad16	d2cd69fd79e32a7da9b133a458520a1183a4e9025073ac762e845526afb39ee2
GRCh38	cache-gnomad-v4.1-GRCh38-joint-af001-vep115.2-e	0.9025939037964379	853.3058445820352	kpgp	427	4795706	warmup	427	0.13518494062338235	1	KPGP-00319	True	7.397273656286492	gnomad_af_0.01	bundled_zenodo	6312.136844881985	10.5281/zenodo.18190046	legacy_full_rescan	legacy_vep_semantic	Korean	EastAsia	DDBJ_NIG	d6475ce97e229330544087887c53897864a777e23fbdd9c20332b4b8fe56ad16	d2cd69fd79e32a7da9b133a458520a1183a4e9025073ac762e845526afb39ee2
GRCh38		0.812097530582567	1419.957120631996	kpgp	427	4795706	warmup	427	0.22495664392690212	1	KPGP-00319	True	4.445301025760956	cohort_3_genomes	custom_cohort	6312.136844881985		legacy_full_rescan	legacy_vep_semantic	Korean	EastAsia	DDBJ_NIG	d6475ce97e229330544087887c53897864a777e23fbdd9c20332b4b8fe56ad16	d2cd69fd79e32a7da9b133a458520a1183a4e9025073ac762e845526afb39ee2
GRCh38	cache-gnomad-v4.1-GRCh38-joint-af01-vep115.2-e	0.7022507821439662	3837.4500342410174	sgdp	296	5567709	warmup	296	0.3231918102737507	1	LP6005443-DNA_H08	True	3.0941378098441836	gnomad_af_0.1	bundled_zenodo	11873.599244332989	10.5281/zenodo.18189447	legacy_full_rescan	legacy_vep_semantic	Dinka	Africa	DDBJ_NIG	cf0d1c14f931ca897ecb7393cb68dd6f42e8533d88346930e31b60d8166cbbca	d6bb1194106dcbad8cd2ee669b495e2d63b47dae4fd44884148c74db70f4063e
GRCh38	cache-gnomad-v4.1-GRCh38-joint-af001-vep115.2-e	0.889801352764665	1760.3870295519591	sgdp	401	5567709	warmup	401	0.1482606068578703	1	LP6005443-DNA_H08	True	6.744879986621448	gnomad_af_0.01	bundled_zenodo	11873.599244332989	10.5281/zenodo.18190046	legacy_full_rescan	legacy_vep_semantic	Dinka	Africa	DDBJ_NIG	cf0d1c14f931ca897ecb7393cb68dd6f42e8533d88346930e31b60d8166cbbca	d6bb1194106dcbad8cd2ee669b495e2d63b47dae4fd44884148c74db70f4063e
GRCh38		0.6705427672315489	4181.772803154017	sgdp	299	5567709	warmup	299	0.3521908325438798	1	LP6005443-DNA_H08	True	2.839369760924737	cohort_3_genomes	custom_cohort	11873.599244332989		legacy_full_rescan	legacy_vep_semantic	Dinka	Africa	DDBJ_NIG	cf0d1c14f931ca897ecb7393cb68dd6f42e8533d88346930e31b60d8166cbbca	d6bb1194106dcbad8cd2ee669b495e2d63b47dae4fd44884148c74db70f4063e
GRCh38	cache-gnomad-v4.1-GRCh38-joint-af01-vep115.2-e	0.8133327562371166	2189.89968136698	kpgp	0	4690148	warmup	0	0.23567626695240676	1	KPGP-00091	True	4.243108620699357	gnomad_af_0.1	bundled_zenodo	9291.982216475008	10.5281/zenodo.18189447	legacy_full_rescan	legacy_vep_semantic	Korean	EastAsia	DDBJ_NIG	652f8ef182b5c833d25da0fa18a9870ebce089bf0e7ef7039491b3b62dc1e8e6	7e7d60413b7d89924810e46217c80f6bb53f61adcf527d37385857f6524a29f6
GRCh38	cache-gnomad-v4.1-GRCh38-joint-af001-vep115.2-e	0.9144125089442806	1242.4982815950061	kpgp	0	4690148	warmup	0	0.13371724704681565	1	KPGP-00091	True	7.47846685513867	gnomad_af_0.01	bundled_zenodo	9291.982216475008	10.5281/zenodo.18190046	legacy_full_rescan	legacy_vep_semantic	Korean	EastAsia	DDBJ_NIG	652f8ef182b5c833d25da0fa18a9870ebce089bf0e7ef7039491b3b62dc1e8e6	7e7d60413b7d89924810e46217c80f6bb53f61adcf527d37385857f6524a29f6
GRCh38		0.8359964333748103	1962.1968679800048	kpgp	13	4690148	warmup	13	0.211170966782627	1	KPGP-00091	True	4.73549946394558	cohort_3_genomes	custom_cohort	9291.982216475008		legacy_full_rescan	legacy_vep_semantic	Korean	EastAsia	DDBJ_NIG	652f8ef182b5c833d25da0fa18a9870ebce089bf0e7ef7039491b3b62dc1e8e6	7e7d60413b7d89924810e46217c80f6bb53f61adcf527d37385857f6524a29f6
GRCh38	cache-gnomad-v4.1-GRCh38-joint-af01-vep115.2-e	0.6892397927742537	4107.343085283006	sgdp	0	5700643	warmup	0	0.33675959036798825	1	LP6005677-DNA_G01	True	2.969477421288187	gnomad_af_0.1	bundled_zenodo	12196.662553232047	10.5281/zenodo.18189447	legacy_full_rescan	legacy_vep_semantic	Luo	Africa	DDBJ_NIG	25dbd582ed3c5e8f16e3b6fcb5ca0cbd1ef72ffa924ac5d899373323002b1e8c	aae53ad04011503930b5a7558c4be73bd0b746e4b012510eacda210e4c1ab427
GRCh38	cache-gnomad-v4.1-GRCh38-joint-af001-vep115.2-e	0.8887055372525521	1927.3252886219998	sgdp	0	5700643	warmup	0	0.15802071101092072	1	LP6005677-DNA_G01	True	6.3282843976755085	gnomad_af_0.01	bundled_zenodo	12196.662553232047	10.5281/zenodo.18190046	legacy_full_rescan	legacy_vep_semantic	Luo	Africa	DDBJ_NIG	25dbd582ed3c5e8f16e3b6fcb5ca0cbd1ef72ffa924ac5d899373323002b1e8c	aae53ad04011503930b5a7558c4be73bd0b746e4b012510eacda210e4c1ab427
GRCh38		0.657568453242906	4567.590355034976	sgdp	0	5700643	warmup	0	0.3744950993847567	1	LP6005677-DNA_G01	True	2.670261911685522	cohort_3_genomes	custom_cohort	12196.662553232047		legacy_full_rescan	legacy_vep_semantic	Luo	Africa	DDBJ_NIG	25dbd582ed3c5e8f16e3b6fcb5ca0cbd1ef72ffa924ac5d899373323002b1e8c	aae53ad04011503930b5a7558c4be73bd0b746e4b012510eacda210e4c1ab427
GRCh38	cache-gnomad-v4.1-GRCh38-joint-af01-vep115.2-e	0.8518062250676617	1147.2641544740181	sgdp	0	4785201	warmup	0	0.18103314617274519	1	LP6005677-DNA_A03	True	5.523850306649266	gnomad_af_0.1	bundled_zenodo	6337.3154514990165	10.5281/zenodo.18189447	legacy_full_rescan	legacy_vep_semantic	Turkish	WestEurasia	DDBJ_NIG	3622ee774e972ff9d98073f5fc9990e276147d6fe124238b0e661a4bcfcd58ca	e04950daa6969cf6be605f98a335e8c89d29e4caa27afa2de6c93710aabf5978
GRCh38	cache-gnomad-v4.1-GRCh38-joint-af001-vep115.2-e	0.9415614934461478	622.643701606954	sgdp	0	4785201	warmup	0	0.09825038793984527	1	LP6005677-DNA_A03	True	10.178076860238553	gnomad_af_0.01	bundled_zenodo	6337.3154514990165	10.5281/zenodo.18190046	legacy_full_rescan	legacy_vep_semantic	Turkish	WestEurasia	DDBJ_NIG	3622ee774e972ff9d98073f5fc9990e276147d6fe124238b0e661a4bcfcd58ca	e04950daa6969cf6be605f98a335e8c89d29e4caa27afa2de6c93710aabf5978
GRCh38		0.819384598473502	1334.0980703280075	sgdp	0	4785201	warmup	0	0.21051470145966025	1	LP6005677-DNA_A03	True	4.7502620627739125	cohort_3_genomes	custom_cohort	6337.3154514990165		legacy_full_rescan	legacy_vep_semantic	Turkish	WestEurasia	DDBJ_NIG	3622ee774e972ff9d98073f5fc9990e276147d6fe124238b0e661a4bcfcd58ca	e04950daa6969cf6be605f98a335e8c89d29e4caa27afa2de6c93710aabf5978
GRCh38	cache-gnomad-v4.1-GRCh38-joint-af01-vep115.2-e	0.8331602581690862	2071.833684320969	sgdp	0	4876494	warmup	0	0.20337342651507453	1	LP6005519-DNA_B04	True	4.9170632424087986	gnomad_af_0.1	bundled_zenodo	10187.337253559032	10.5281/zenodo.18189447	legacy_full_rescan	legacy_vep_semantic	Kapu	SouthAsia	DDBJ_NIG	3ff426bc2bfe5eca4838b0ed33a86b49ac9bb83074d717960dbfe8a6b3c05dfe	7b71e155ef7bd2fbb99744c913fb31865813f0e6d56db706ce9fecee6ca5687f
GRCh38	cache-gnomad-v4.1-GRCh38-joint-af001-vep115.2-e	0.9298662112575141	1138.1661863310146	sgdp	0	4876494	warmup	0	0.11172361903827094	1	LP6005519-DNA_B04	True	8.950658854484923	gnomad_af_0.01	bundled_zenodo	10187.337253559032	10.5281/zenodo.18190046	legacy_full_rescan	legacy_vep_semantic	Kapu	SouthAsia	DDBJ_NIG	3ff426bc2bfe5eca4838b0ed33a86b49ac9bb83074d717960dbfe8a6b3c05dfe	7b71e155ef7bd2fbb99744c913fb31865813f0e6d56db706ce9fecee6ca5687f
GRCh38		0.804761166526607	2373.754487363971	sgdp	0	4876494	warmup	0	0.23301029781208824	1	LP6005519-DNA_B04	True	4.291655816887769	cohort_3_genomes	custom_cohort	10187.337253559032		legacy_full_rescan	legacy_vep_semantic	Kapu	SouthAsia	DDBJ_NIG	3ff426bc2bfe5eca4838b0ed33a86b49ac9bb83074d717960dbfe8a6b3c05dfe	7b71e155ef7bd2fbb99744c913fb31865813f0e6d56db706ce9fecee6ca5687f
GRCh38	cache-gnomad-v4.1-GRCh38-joint-af01-vep115.2-e	0.8290727072623434	1910.357196862984	kpgp	0	4628506	warmup	0	0.2019488589153592	1	KPGP-00325	True	4.951748701977663	gnomad_af_0.1	bundled_zenodo	9459.608769879967	10.5281/zenodo.18189447	legacy_full_rescan	legacy_vep_semantic	Korean	EastAsia	DDBJ_NIG	239f86ae4d3260eb84429ed2256ca7bf2a3871bed977354979b1452bac760c8c	4032fc52ed79100ef2126c0d5b19c8f47959ab0fb2338071ff4641943e384cbf
GRCh38	cache-gnomad-v4.1-GRCh38-joint-af001-vep115.2-e	0.9247925788580592	1107.2614638119703	kpgp	0	4628506	warmup	0	0.11705150717623392	1	KPGP-00325	True	8.543247533706593	gnomad_af_0.01	bundled_zenodo	9459.608769879967	10.5281/zenodo.18190046	legacy_full_rescan	legacy_vep_semantic	Korean	EastAsia	DDBJ_NIG	239f86ae4d3260eb84429ed2256ca7bf2a3871bed977354979b1452bac760c8c	4032fc52ed79100ef2126c0d5b19c8f47959ab0fb2338071ff4641943e384cbf
GRCh38		0.8339079607977175	2435.3071330739767	kpgp	0	4628506	warmup	0	0.2574426905294603	1	KPGP-00325	True	3.8843596527964572	cohort_3_genomes	custom_cohort	9459.608769879967		legacy_full_rescan	legacy_vep_semantic	Korean	EastAsia	DDBJ_NIG	239f86ae4d3260eb84429ed2256ca7bf2a3871bed977354979b1452bac760c8c	4032fc52ed79100ef2126c0d5b19c8f47959ab0fb2338071ff4641943e384cbf
GRCh38	cache-gnomad-v4.1-GRCh38-joint-af01-vep115.2-e	0.8096366549592224	2143.2015743529773	kpgp	0	4634658	warmup	0	0.23054142685246165	1	KPGP-00139	True	4.33761521151669	gnomad_af_0.1	bundled_zenodo	9296.383750259993	10.5281/zenodo.18189447	legacy_full_rescan	legacy_vep_semantic	Korean	EastAsia	DDBJ_NIG	336d2e35d43a7d8bd7da5e1655c9157a916d88289466617c8e48250fd3f2577c	32b6ac5255a70a4f3f9baf18269d6224cb8873ad83e2af5262ad940a93883563
GRCh38	cache-gnomad-v4.1-GRCh38-joint-af001-vep115.2-e	0.9096192210946309	1226.333474078041	kpgp	0	4634658	warmup	0	0.1319151088232286	1	KPGP-00139	True	7.580632794231622	gnomad_af_0.01	bundled_zenodo	9296.383750259993	10.5281/zenodo.18190046	legacy_full_rescan	legacy_vep_semantic	Korean	EastAsia	DDBJ_NIG	336d2e35d43a7d8bd7da5e1655c9157a916d88289466617c8e48250fd3f2577c	32b6ac5255a70a4f3f9baf18269d6224cb8873ad83e2af5262ad940a93883563
GRCh38		0.835400152503162	1909.4333085649996	kpgp	0	4634658	warmup	0	0.205395276255845	1	KPGP-00139	True	4.8686611407478395	cohort_3_genomes	custom_cohort	9296.383750259993		legacy_full_rescan	legacy_vep_semantic	Korean	EastAsia	DDBJ_NIG	336d2e35d43a7d8bd7da5e1655c9157a916d88289466617c8e48250fd3f2577c	32b6ac5255a70a4f3f9baf18269d6224cb8873ad83e2af5262ad940a93883563
GRCh38	cache-gnomad-v4.1-GRCh38-joint-af01-vep115.2-e	0.8154579725447022	2713.65647725499	kpgp	175	4788584	warmup	175	0.25755453279002133	1	KPGP-00255	True	3.88267288161175	gnomad_af_0.1	bundled_zenodo	10536.240414248023	10.5281/zenodo.18189447	legacy_full_rescan	legacy_vep_semantic	Korean	EastAsia	DDBJ_NIG	3fe78b662590c6ae3f798c4feaa44ec0cc7f31699e70d2c09c96e0833b5a2c45	a68cd103a419b546cbd3459dea42e7d4b06555ebe693c1e3460b49b9c9258286
GRCh38	cache-gnomad-v4.1-GRCh38-joint-af001-vep115.2-e	0.9197854731168964	1244.3960060190293	kpgp	206	4788584	warmup	206	0.11810626533694586	1	KPGP-00255	True	8.46695132681654	gnomad_af_0.01	bundled_zenodo	10536.240414248023	10.5281/zenodo.18190046	legacy_full_rescan	legacy_vep_semantic	Korean	EastAsia	DDBJ_NIG	3fe78b662590c6ae3f798c4feaa44ec0cc7f31699e70d2c09c96e0833b5a2c45	a68cd103a419b546cbd3459dea42e7d4b06555ebe693c1e3460b49b9c9258286
GRCh38		0.8280470803059944	2086.8894255990162	kpgp	236	4788584	warmup	236	0.19806774936313548	1	KPGP-00255	True	5.048777517871471	cohort_3_genomes	custom_cohort	10536.240414248023		legacy_full_rescan	legacy_vep_semantic	Korean	EastAsia	DDBJ_NIG	3fe78b662590c6ae3f798c4feaa44ec0cc7f31699e70d2c09c96e0833b5a2c45	a68cd103a419b546cbd3459dea42e7d4b06555ebe693c1e3460b49b9c9258286
GRCh38	cache-gnomad-v4.1-GRCh38-joint-af01-vep115.2-e	0.8264889660153811	1278.7825726940064	sgdp	0	4835923	warmup	0	0.1991932241186387	1	LP6005443-DNA_A07	True	5.020251087478778	gnomad_af_0.1	bundled_zenodo	6419.809601215995	10.5281/zenodo.18189447	legacy_full_rescan	legacy_vep_semantic	Thai	EastAsia	DDBJ_NIG	2f8368a2ba8cd8b63a87bee483eb4e73f5580502ae45cbda879d7d14b3470460	bc6283c499877488851b16e0364fb1a489f5c595a969d813b69e30fbd08c63ef
GRCh38	cache-gnomad-v4.1-GRCh38-joint-af001-vep115.2-e	0.9277947560372652	697.8169509429717	sgdp	0	4835923	warmup	0	0.10869745277348976	1	LP6005443-DNA_A07	True	9.199847599776415	gnomad_af_0.01	bundled_zenodo	6419.809601215995	10.5281/zenodo.18190046	legacy_full_rescan	legacy_vep_semantic	Thai	EastAsia	DDBJ_NIG	2f8368a2ba8cd8b63a87bee483eb4e73f5580502ae45cbda879d7d14b3470460	bc6283c499877488851b16e0364fb1a489f5c595a969d813b69e30fbd08c63ef
GRCh38		0.8076671195964038	1426.5364883560105	sgdp	0	4835923	warmup	0	0.2222085352945368	1	LP6005443-DNA_A07	True	4.500277177357309	cohort_3_genomes	custom_cohort	6419.809601215995		legacy_full_rescan	legacy_vep_semantic	Thai	EastAsia	DDBJ_NIG	2f8368a2ba8cd8b63a87bee483eb4e73f5580502ae45cbda879d7d14b3470460	bc6283c499877488851b16e0364fb1a489f5c595a969d813b69e30fbd08c63ef
GRCh38	cache-gnomad-v4.1-GRCh38-joint-af01-vep115.2-e	0.8527373907769604	1865.6840146539616	sgdp	0	4827736	warmup	0	0.1841159768713158	1	LP6005519-DNA_F03	True	5.431359173674156	gnomad_af_0.1	bundled_zenodo	10133.199988168024	10.5281/zenodo.18189447	legacy_full_rescan	legacy_vep_semantic	Armenian	WestEurasia	DDBJ_NIG	f3699e1b1b0343823fbde13e29a7780fa8a89b87d16b60645e376649af00384d	14fa170a65909f154ad4d2cd3fa95f71d373896665ed25398a2ad7f9f4a2570b
GRCh38	cache-gnomad-v4.1-GRCh38-joint-af001-vep115.2-e	0.9419210163936056	988.0686017349944	sgdp	0	4827736	warmup	0	0.09750805302260958	1	LP6005519-DNA_F03	True	10.255563197104612	gnomad_af_0.01	bundled_zenodo	10133.199988168024	10.5281/zenodo.18190046	legacy_full_rescan	legacy_vep_semantic	Armenian	WestEurasia	DDBJ_NIG	f3699e1b1b0343823fbde13e29a7780fa8a89b87d16b60645e376649af00384d	14fa170a65909f154ad4d2cd3fa95f71d373896665ed25398a2ad7f9f4a2570b
GRCh38		0.8169988996912838	2229.8793652009917	sgdp	0	4827736	warmup	0	0.22005678046468027	1	LP6005519-DNA_F03	True	4.544281698061573	cohort_3_genomes	custom_cohort	10133.199988168024		legacy_full_rescan	legacy_vep_semantic	Armenian	WestEurasia	DDBJ_NIG	f3699e1b1b0343823fbde13e29a7780fa8a89b87d16b60645e376649af00384d	14fa170a65909f154ad4d2cd3fa95f71d373896665ed25398a2ad7f9f4a2570b
GRCh38	cache-gnomad-v4.1-GRCh38-joint-af01-vep115.2-e	0.8329082105642346	1962.749815348012	kpgp	0	4530456	warmup	0	0.20291559768348524	1	KPGP-00326	True	4.928157378812419	gnomad_af_0.1	bundled_zenodo	9672.739985270018	10.5281/zenodo.18189447	legacy_full_rescan	legacy_vep_semantic	Korean	EastAsia	DDBJ_NIG	d6e1966f3b6cc92314aeede44ced2d9c43ba6b33bc8550a3aca96d21ee86a07c	465f449844c1c22295f223d8484b7c34d9ed6b7bdbb5461bca5e531261733b0f
GRCh38	cache-gnomad-v4.1-GRCh38-joint-af001-vep115.2-e	0.927099832776215	1134.278157517023	kpgp	0	4530456	warmup	0	0.11726544487335964	1	KPGP-00326	True	8.527661333481028	gnomad_af_0.01	bundled_zenodo	9672.739985270018	10.5281/zenodo.18190046	legacy_full_rescan	legacy_vep_semantic	Korean	EastAsia	DDBJ_NIG	d6e1966f3b6cc92314aeede44ced2d9c43ba6b33bc8550a3aca96d21ee86a07c	465f449844c1c22295f223d8484b7c34d9ed6b7bdbb5461bca5e531261733b0f
GRCh38		0.839409101423786	1923.2158610569895	kpgp	0	4530456	warmup	0	0.19882844612650902	1	KPGP-00326	True	5.029461425070575	cohort_3_genomes	custom_cohort	9672.739985270018		legacy_full_rescan	legacy_vep_semantic	Korean	EastAsia	DDBJ_NIG	d6e1966f3b6cc92314aeede44ced2d9c43ba6b33bc8550a3aca96d21ee86a07c	465f449844c1c22295f223d8484b7c34d9ed6b7bdbb5461bca5e531261733b0f
GRCh38	cache-gnomad-v4.1-GRCh38-joint-af01-vep115.2-e	0.8376994802254385	1274.8934703889536	sgdp	0	4929060	warmup	0	0.1931379215562474	1	LP6005519-DNA_G03	True	5.177647102869805	gnomad_af_0.1	bundled_zenodo	6600.948483426997	10.5281/zenodo.18189447	legacy_full_rescan	legacy_vep_semantic	Brahmin	SouthAsia	DDBJ_NIG	e418aa5a1764e372e198f09061deed6d2c3e19813e7a261f7a8f4db8732584d9	979bf685077e0217ec92356ffc7e619d44094a0f246fcecdafb62294f4bf7e0b
GRCh38	cache-gnomad-v4.1-GRCh38-joint-af001-vep115.2-e	0.9337370614275339	680.31604195002	sgdp	0	4929060	warmup	0	0.10306337697651931	1	LP6005519-DNA_G03	True	9.702767649732918	gnomad_af_0.01	bundled_zenodo	6600.948483426997	10.5281/zenodo.18190046	legacy_full_rescan	legacy_vep_semantic	Brahmin	SouthAsia	DDBJ_NIG	e418aa5a1764e372e198f09061deed6d2c3e19813e7a261f7a8f4db8732584d9	979bf685077e0217ec92356ffc7e619d44094a0f246fcecdafb62294f4bf7e0b
GRCh38		0.8058767797511087	1493.9747249279753	sgdp	0	4929060	warmup	0	0.22632728140189218	1	LP6005519-DNA_G03	True	4.418380293378276	cohort_3_genomes	custom_cohort	6600.948483426997		legacy_full_rescan	legacy_vep_semantic	Brahmin	SouthAsia	DDBJ_NIG	e418aa5a1764e372e198f09061deed6d2c3e19813e7a261f7a8f4db8732584d9	979bf685077e0217ec92356ffc7e619d44094a0f246fcecdafb62294f4bf7e0b
GRCh38	cache-gnomad-v4.1-GRCh38-joint-af01-vep115.2-e	0.8261617889148609	2422.495567492966	kpgp	85	4684091	warmup	85	0.2133246110956849	1	KPGP-00320	True	4.687691658565634	gnomad_af_0.1	bundled_zenodo	11355.912264649	10.5281/zenodo.18189447	legacy_full_rescan	legacy_vep_semantic	Korean	EastAsia	DDBJ_NIG	1204ccc89bd46e4b92b9773d552a8af4897344cd8e74c322b7d668e5f8bb612e	2be8f8d9ba0e08f3e99baf740b7ca22685ba25d8b50f5272b5f3772921c28467
GRCh38	cache-gnomad-v4.1-GRCh38-joint-af001-vep115.2-e	0.923107599745607	1374.247441287036	kpgp	0	4684091	warmup	0	0.12101603193651592	1	KPGP-00320	True	8.26336795214532	gnomad_af_0.01	bundled_zenodo	11355.912264649	10.5281/zenodo.18190046	legacy_full_rescan	legacy_vep_semantic	Korean	EastAsia	DDBJ_NIG	1204ccc89bd46e4b92b9773d552a8af4897344cd8e74c322b7d668e5f8bb612e	2be8f8d9ba0e08f3e99baf740b7ca22685ba25d8b50f5272b5f3772921c28467
GRCh38		0.8296072813273696	2411.482017896953	kpgp	0	4684091	warmup	0	0.2123547595030217	1	KPGP-00320	True	4.709100951352919	cohort_3_genomes	custom_cohort	11355.912264649		legacy_full_rescan	legacy_vep_semantic	Korean	EastAsia	DDBJ_NIG	1204ccc89bd46e4b92b9773d552a8af4897344cd8e74c322b7d668e5f8bb612e	2be8f8d9ba0e08f3e99baf740b7ca22685ba25d8b50f5272b5f3772921c28467
GRCh37	cache-gnomad-v4.1-GRCh37-joint-af01-vep115.2-e	0.8712573083927501	612.592346126039	pgp	13	4644318	warmup	13	0.17651817000293585	1	hu876E3D	True	5.665139175096638	gnomad_af_0.1	bundled_zenodo	3470.420898402983	10.5281/zenodo.18189051	legacy_full_rescan	legacy_vep_semantic			Dante	0bdb93f905c74478eecb6fcc83da22d8b35eac52152df75d5d90cd765c96aad8	bc002f6be5eec809d0cac657d0625d5ea9a68f539e1369f72f85c5882e1564c8
GRCh37	cache-gnomad-v4.1-GRCh37-joint-af001-vep115.2-e	0.9594633700793098	303.6519014579826	pgp	36	4644318	warmup	36	0.08749713949616804	1	hu876E3D	True	11.428945057612944	gnomad_af_0.01	bundled_zenodo	3470.420898402983	10.5281/zenodo.18189348	legacy_full_rescan	legacy_vep_semantic			Dante	0bdb93f905c74478eecb6fcc83da22d8b35eac52152df75d5d90cd765c96aad8	bc002f6be5eec809d0cac657d0625d5ea9a68f539e1369f72f85c5882e1564c8
GRCh37		0.765015229361986	1011.559092579002	pgp	11	4644318	warmup	11	0.2914802331453516	1	hu876E3D	True	3.4307643753713237	cohort_3_genomes	custom_cohort	3470.420898402983		legacy_full_rescan	legacy_vep_semantic			Dante	0bdb93f905c74478eecb6fcc83da22d8b35eac52152df75d5d90cd765c96aad8	bc002f6be5eec809d0cac657d0625d5ea9a68f539e1369f72f85c5882e1564c8
GRCh38	cache-gnomad-v4.1-GRCh38-joint-af01-vep115.2-e	0.7004962949843496	3657.1926568900235	sgdp	224	5538843	warmup	224	0.3236994231809681	1	SS6004480	True	3.0892857026839304	gnomad_af_0.1	bundled_zenodo	11298.112986891007	10.5281/zenodo.18189447	legacy_full_rescan	legacy_vep_semantic	Dinka	Africa	DDBJ_NIG	ff0580042c0db77d12813902f1a10c11fa75fde6e02dca4671edaf8fe5c532f3	465c35bad0e2485878fde51f5a82dfe3833ae37cab117d26691041dea32adff2
GRCh38	cache-gnomad-v4.1-GRCh38-joint-af001-vep115.2-e	0.8882309897572471	1707.6299597210018	sgdp	224	5538843	warmup	224	0.1511429352585103	1	SS6004480	True	6.616253669347034	gnomad_af_0.01	bundled_zenodo	11298.112986891007	10.5281/zenodo.18190046	legacy_full_rescan	legacy_vep_semantic	Dinka	Africa	DDBJ_NIG	ff0580042c0db77d12813902f1a10c11fa75fde6e02dca4671edaf8fe5c532f3	465c35bad0e2485878fde51f5a82dfe3833ae37cab117d26691041dea32adff2
GRCh38		0.6666675693822699	4000.963814836985	sgdp	313	5538843	warmup	313	0.35412673067433736	1	SS6004480	True	2.823847830113739	cohort_3_genomes	custom_cohort	11298.112986891007		legacy_full_rescan	legacy_vep_semantic	Dinka	Africa	DDBJ_NIG	ff0580042c0db77d12813902f1a10c11fa75fde6e02dca4671edaf8fe5c532f3	465c35bad0e2485878fde51f5a82dfe3833ae37cab117d26691041dea32adff2
GRCh37	cache-gnomad-v4.1-GRCh37-joint-af01-vep115.2-e	0.8977782413067091	690.987373726035	pgp	20	3375074	warmup	20	0.15682796080939404	1	hu57D7DD	True	6.376413968778071	gnomad_af_0.1	bundled_zenodo	4406.021542075963	10.5281/zenodo.18189051	legacy_full_rescan	legacy_vep_semantic			Dante	da2fe9346da3ab4317bd605a9a31d4048bab90f92a3e00e1c75e08961b8762cb	54f6a4801ecb34b37aad75912a5d65c793724672048a07f3fad4e8ad148090f3
GRCh37	cache-gnomad-v4.1-GRCh37-joint-af001-vep115.2-e	0.9712874443641828	358.2275403380045	pgp	2	3375074	warmup	2	0.08130408281417983	1	hu57D7DD	True	12.299505330937636	gnomad_af_0.01	bundled_zenodo	4406.021542075963	10.5281/zenodo.18189348	legacy_full_rescan	legacy_vep_semantic			Dante	da2fe9346da3ab4317bd605a9a31d4048bab90f92a3e00e1c75e08961b8762cb	54f6a4801ecb34b37aad75912a5d65c793724672048a07f3fad4e8ad148090f3
GRCh37		0.8381585114874518	945.7226475130301	pgp	26	3375074	warmup	26	0.21464321916761184	1	hu57D7DD	True	4.658893972416218	cohort_3_genomes	custom_cohort	4406.021542075963		legacy_full_rescan	legacy_vep_semantic			Dante	da2fe9346da3ab4317bd605a9a31d4048bab90f92a3e00e1c75e08961b8762cb	54f6a4801ecb34b37aad75912a5d65c793724672048a07f3fad4e8ad148090f3
GRCh38	cache-gnomad-v4.1-GRCh38-joint-af01-vep115.2-e	0.8150791130224175	1518.955229638028	kpgp	231	5019022	warmup	231	0.22465287871106326	1	KPGP-00347	True	4.451311755885165	gnomad_af_0.1	bundled_zenodo	6761.343270351004	10.5281/zenodo.18189447	legacy_full_rescan	legacy_vep_semantic	Korean	EastAsia	DDBJ_NIG	c09c8c032737308cc7798dfaac216bd2e05e9a8e331f26b98de611b9deb10d62	5c1b38439d4bc0e22bd9b36b38f8009e15d12713fc93e715de78cdae7547ea58
GRCh38	cache-gnomad-v4.1-GRCh38-joint-af001-vep115.2-e	0.9240694701079214	783.5071428040392	kpgp	231	5019022	warmup	231	0.11588039705656959	1	KPGP-00347	True	8.629587276196748	gnomad_af_0.01	bundled_zenodo	6761.343270351004	10.5281/zenodo.18190046	legacy_full_rescan	legacy_vep_semantic	Korean	EastAsia	DDBJ_NIG	c09c8c032737308cc7798dfaac216bd2e05e9a8e331f26b98de611b9deb10d62	5c1b38439d4bc0e22bd9b36b38f8009e15d12713fc93e715de78cdae7547ea58
GRCh38		0.8151863052204195	1573.3149580669706	kpgp	231	5019022	warmup	231	0.23269266108201817	1	KPGP-00347	True	4.297514134524104	cohort_3_genomes	custom_cohort	6761.343270351004		legacy_full_rescan	legacy_vep_semantic	Korean	EastAsia	DDBJ_NIG	c09c8c032737308cc7798dfaac216bd2e05e9a8e331f26b98de611b9deb10d62	5c1b38439d4bc0e22bd9b36b38f8009e15d12713fc93e715de78cdae7547ea58
GRCh37	cache-gnomad-v4.1-GRCh37-joint-af01-vep115.2-e	0.8004451813565826	1499.5208058350254	pgp	19	4833985	warmup	19	0.24742078631918624	1	huC8266A	True	4.041697607047234	gnomad_af_0.1	bundled_zenodo	6060.609652660962	10.5281/zenodo.18189051	legacy_full_rescan	legacy_vep_semantic			Veritas	d8c86a9c0c3a5e3a6cd7cf6492fdbfa47ffcc9876483f165169089172c7d0868	4555e9474077481bc7b8e627e3b1f6b3e5e07d9119d22c9d7f20c1425c0c58a0
GRCh37	cache-gnomad-v4.1-GRCh37-joint-af001-vep115.2-e	0.8878147118785019	973.4909052880248	pgp	17	4833985	warmup	17	0.16062590417130815	1	huC8266A	True	6.225645889180465	gnomad_af_0.01	bundled_zenodo	6060.609652660962	10.5281/zenodo.18189348	legacy_full_rescan	legacy_vep_semantic			Veritas	d8c86a9c0c3a5e3a6cd7cf6492fdbfa47ffcc9876483f165169089172c7d0868	4555e9474077481bc7b8e627e3b1f6b3e5e07d9119d22c9d7f20c1425c0c58a0
GRCh37		0.7638664580051449	1745.872125622991	pgp	61	4833985	warmup	61	0.2880687299926091	1	huC8266A	True	3.471393788647788	cohort_3_genomes	custom_cohort	6060.609652660962		legacy_full_rescan	legacy_vep_semantic			Veritas	d8c86a9c0c3a5e3a6cd7cf6492fdbfa47ffcc9876483f165169089172c7d0868	4555e9474077481bc7b8e627e3b1f6b3e5e07d9119d22c9d7f20c1425c0c58a0
GRCh38	cache-gnomad-v4.1-GRCh38-joint-af01-vep115.2-e	0.8552866363382274	1847.319227357977	sgdp	0	4787146	warmup	0	0.18179138525581567	1	LP6005442-DNA_G04	True	5.500810715495711	gnomad_af_0.1	bundled_zenodo	10161.753400792019	10.5281/zenodo.18189447	legacy_full_rescan	legacy_vep_semantic	Lezgin	WestEurasia	DDBJ_NIG	32485bdf0f1f9a688096b83656eb55d117561a2c17db4681e6388cd1aa968dd2	ee5d2cc9e61b45c632d4856345dfc551a3719d8cd73da9d45f711a329773e1c3
GRCh38	cache-gnomad-v4.1-GRCh38-joint-af001-vep115.2-e	0.9440305351037968	965.6910544629791	sgdp	0	4787146	warmup	0	0.09503193163373873	1	LP6005442-DNA_G04	True	10.522778847157252	gnomad_af_0.01	bundled_zenodo	10161.753400792019	10.5281/zenodo.18190046	legacy_full_rescan	legacy_vep_semantic	Lezgin	WestEurasia	DDBJ_NIG	32485bdf0f1f9a688096b83656eb55d117561a2c17db4681e6388cd1aa968dd2	ee5d2cc9e61b45c632d4856345dfc551a3719d8cd73da9d45f711a329773e1c3
GRCh38		0.81771393644564	2286.7658754959702	sgdp	0	4787146	warmup	0	0.22503654490550196	1	LP6005442-DNA_G04	True	4.443722686997008	cohort_3_genomes	custom_cohort	10161.753400792019		legacy_full_rescan	legacy_vep_semantic	Lezgin	WestEurasia	DDBJ_NIG	32485bdf0f1f9a688096b83656eb55d117561a2c17db4681e6388cd1aa968dd2	ee5d2cc9e61b45c632d4856345dfc551a3719d8cd73da9d45f711a329773e1c3
GRCh38	cache-gnomad-v4.1-GRCh38-joint-af01-vep115.2-e	0.8130259346594677	2622.3171083069756	kpgp	41	5050770	warmup	41	0.208217439695349	1	KPGP-00321	True	4.8026716756441665	gnomad_af_0.1	bundled_zenodo	12594.128100623027	10.5281/zenodo.18189447	legacy_full_rescan	legacy_vep_semantic	Korean	EastAsia	DDBJ_NIG	0cc4ffc2f8a6823c85b48bd57d168f61498984feb437c7f2baefbb02bb3125b7	076877928dfc87c9154924e231c60405af208cf727533210a0febdd89badd2ba
GRCh38	cache-gnomad-v4.1-GRCh38-joint-af001-vep115.2-e	0.922771379413436	1416.9308020059834	kpgp	41	5050770	warmup	41	0.11250725661079217	1	KPGP-00321	True	8.888315564029813	gnomad_af_0.01	bundled_zenodo	12594.128100623027	10.5281/zenodo.18190046	legacy_full_rescan	legacy_vep_semantic	Korean	EastAsia	DDBJ_NIG	0cc4ffc2f8a6823c85b48bd57d168f61498984feb437c7f2baefbb02bb3125b7	076877928dfc87c9154924e231c60405af208cf727533210a0febdd89badd2ba
GRCh38		0.8141511096327887	2575.609736079001	kpgp	41	5050770	warmup	41	0.2045087770666384	1	KPGP-00321	True	4.889765683133266	cohort_3_genomes	custom_cohort	12594.128100623027		legacy_full_rescan	legacy_vep_semantic	Korean	EastAsia	DDBJ_NIG	0cc4ffc2f8a6823c85b48bd57d168f61498984feb437c7f2baefbb02bb3125b7	076877928dfc87c9154924e231c60405af208cf727533210a0febdd89badd2ba
GRCh38	cache-gnomad-v4.1-GRCh38-joint-af01-vep115.2-e	0.8600803959897915	1096.608518062043	sgdp	336	4754466	warmup	336	0.1753854342758331	1	LP6005442-DNA_B03	True	5.701727763933205	gnomad_af_0.1	bundled_zenodo	6252.563233599998	10.5281/zenodo.18189447	legacy_full_rescan	legacy_vep_semantic	Bulgarian	WestEurasia	DDBJ_NIG	5f5e7ceeafb84cc07db7c314276d8f7fc776c773f8634046eb25914539000e6a	3552233ae1046cbd95a062024f72b4377cff8442c5cbd823c07b84e238b1679f
GRCh38	cache-gnomad-v4.1-GRCh38-joint-af001-vep115.2-e	0.947099842548038	586.3584332850296	sgdp	336	4754466	warmup	336	0.09377888897373467	1	LP6005442-DNA_B03	True	10.663380755983122	gnomad_af_0.01	bundled_zenodo	6252.563233599998	10.5281/zenodo.18190046	legacy_full_rescan	legacy_vep_semantic	Bulgarian	WestEurasia	DDBJ_NIG	5f5e7ceeafb84cc07db7c314276d8f7fc776c773f8634046eb25914539000e6a	3552233ae1046cbd95a062024f72b4377cff8442c5cbd823c07b84e238b1679f
GRCh38		0.8221575251563478	1333.8311174439732	sgdp	322	4754466	warmup	322	0.21332549030071973	1	LP6005442-DNA_B03	True	4.687672338595469	cohort_3_genomes	custom_cohort	6252.563233599998		legacy_full_rescan	legacy_vep_semantic	Bulgarian	WestEurasia	DDBJ_NIG	5f5e7ceeafb84cc07db7c314276d8f7fc776c773f8634046eb25914539000e6a	3552233ae1046cbd95a062024f72b4377cff8442c5cbd823c07b84e238b1679f
GRCh37	cache-gnomad-v4.1-GRCh37-joint-af01-vep115.2-e	0.9223797509179082	505.07654095598264	pgp	0	3137841	warmup	0	0.12318746896769119	1	huF85C76	True	8.117708792785358	gnomad_af_0.1	bundled_zenodo	4100.064277547994	10.5281/zenodo.18189051	legacy_full_rescan	legacy_vep_semantic			Nebula	ac628c701dba602f2914f3d34fe489bb9aee409e9a76c07f2a5bfb8894ff3133	3ca4011a782abc0e742cf61c5b11d34430b949a9d1084d536b8dc25eb1e4340e
GRCh37	cache-gnomad-v4.1-GRCh37-joint-af001-vep115.2-e	0.9813655312681554	268.7446432989673	pgp	21	3137841	warmup	21	0.0655464463741743	1	huF85C76	True	15.256357214111398	gnomad_af_0.01	bundled_zenodo	4100.064277547994	10.5281/zenodo.18189348	legacy_full_rescan	legacy_vep_semantic			Nebula	ac628c701dba602f2914f3d34fe489bb9aee409e9a76c07f2a5bfb8894ff3133	3ca4011a782abc0e742cf61c5b11d34430b949a9d1084d536b8dc25eb1e4340e
GRCh37		0.8550375879466168	787.2459876419744	pgp	7	3137841	warmup	7	0.1920082062988485	1	huF85C76	True	5.208110732744225	cohort_3_genomes	custom_cohort	4100.064277547994		legacy_full_rescan	legacy_vep_semantic			Nebula	ac628c701dba602f2914f3d34fe489bb9aee409e9a76c07f2a5bfb8894ff3133	3ca4011a782abc0e742cf61c5b11d34430b949a9d1084d536b8dc25eb1e4340e
GRCh38	cache-gnomad-v4.1-GRCh38-joint-af01-vep115.2-e	0.8113342504869878	2219.212402671983	sgdp	0	4998072	warmup	0	0.22366821415414612	1	LP6005619-DNA_B01	True	4.470907964199271	gnomad_af_0.1	bundled_zenodo	9921.894405355968	10.5281/zenodo.18189447	legacy_full_rescan	legacy_vep_semantic	Saharawi	Africa	DDBJ_NIG	38ccffca5b9d4d3397432b08ef9a242e7ea9e6535ea8dd0fb7b89e9d7c68e8c4	a8984b970a3c231290b1cb0f3c478ac049a1d797d5c4e017c7e3c957fd52f244
GRCh38	cache-gnomad-v4.1-GRCh38-joint-af001-vep115.2-e	0.9301452640138037	1126.549421520962	sgdp	31	4998072	warmup	31	0.11354176687395864	1	LP6005619-DNA_B01	True	8.807331676545848	gnomad_af_0.01	bundled_zenodo	9921.894405355968	10.5281/zenodo.18190046	legacy_full_rescan	legacy_vep_semantic	Saharawi	Africa	DDBJ_NIG	38ccffca5b9d4d3397432b08ef9a242e7ea9e6535ea8dd0fb7b89e9d7c68e8c4	a8984b970a3c231290b1cb0f3c478ac049a1d797d5c4e017c7e3c957fd52f244
GRCh38		0.7885394608160907	2417.5603848850005	sgdp	21	4998072	warmup	21	0.2436591527904157	1	LP6005619-DNA_B01	True	4.1040937249755345	cohort_3_genomes	custom_cohort	9921.894405355968		legacy_full_rescan	legacy_vep_semantic	Saharawi	Africa	DDBJ_NIG	38ccffca5b9d4d3397432b08ef9a242e7ea9e6535ea8dd0fb7b89e9d7c68e8c4	a8984b970a3c231290b1cb0f3c478ac049a1d797d5c4e017c7e3c957fd52f244
GRCh38	cache-gnomad-v4.1-GRCh38-joint-af01-vep115.2-e	0.8171826883859022	2500.2881293090177	kpgp	0	4599548	warmup	0	0.2263806959209965	1	KPGP-00134	True	4.417337776667075	gnomad_af_0.1	bundled_zenodo	11044.617206148978	10.5281/zenodo.18189447	legacy_full_rescan	legacy_vep_semantic	Korean	EastAsia	DDBJ_NIG	50fcaceb65ec2e18414de0630664f83e9a7e3364c5ab0143b35a867f99dbb0ad	a66b919ee3f28c23c34005a315f9e49a1e2c0ca2979c54abf246095ca83d1b48
GRCh38	cache-gnomad-v4.1-GRCh38-joint-af001-vep115.2-e	0.9164807063650602	1356.6805951110437	kpgp	0	4599548	warmup	0	0.12283636180308047	1	KPGP-00134	True	8.140911903619422	gnomad_af_0.01	bundled_zenodo	11044.617206148978	10.5281/zenodo.18190046	legacy_full_rescan	legacy_vep_semantic	Korean	EastAsia	DDBJ_NIG	50fcaceb65ec2e18414de0630664f83e9a7e3364c5ab0143b35a867f99dbb0ad	a66b919ee3f28c23c34005a315f9e49a1e2c0ca2979c54abf246095ca83d1b48
GRCh38		0.844146424822613	2236.465730029042	kpgp	0	4599548	warmup	0	0.20249372959561807	1	KPGP-00134	True	4.938424523055651	cohort_3_genomes	custom_cohort	11044.617206148978		legacy_full_rescan	legacy_vep_semantic	Korean	EastAsia	DDBJ_NIG	50fcaceb65ec2e18414de0630664f83e9a7e3364c5ab0143b35a867f99dbb0ad	a66b919ee3f28c23c34005a315f9e49a1e2c0ca2979c54abf246095ca83d1b48
GRCh38	cache-gnomad-v4.1-GRCh38-joint-af01-vep115.2-e	0.8336183610758673	1876.4346374049783	sgdp	0	4676153	warmup	0	0.20329840139904118	1	LP6005443-DNA_D04	True	4.918877832379828	gnomad_af_0.1	bundled_zenodo	9229.952741841029	10.5281/zenodo.18189447	legacy_full_rescan	legacy_vep_semantic	Itelman	CentralAsiaSiberia	DDBJ_NIG	a86cddaf2947b677dd3d664eee3b6b20bf2c38aaade60dab6b5adb0f079ab160	e73250d99720aa673639592ca9253dc7de6f0a8f39633cc0e87fed19a752fd3d
GRCh38	cache-gnomad-v4.1-GRCh38-joint-af001-vep115.2-e	0.9306250244592082	1048.584705278976	sgdp	0	4676153	warmup	0	0.11360672525716774	1	LP6005443-DNA_D04	True	8.802295794868952	gnomad_af_0.01	bundled_zenodo	9229.952741841029	10.5281/zenodo.18190046	legacy_full_rescan	legacy_vep_semantic	Itelman	CentralAsiaSiberia	DDBJ_NIG	a86cddaf2947b677dd3d664eee3b6b20bf2c38aaade60dab6b5adb0f079ab160	e73250d99720aa673639592ca9253dc7de6f0a8f39633cc0e87fed19a752fd3d
GRCh38		0.8299602258523192	1886.596238771046	sgdp	0	4676153	warmup	0	0.20439933892822304	1	LP6005443-DNA_D04	True	4.892383729045036	cohort_3_genomes	custom_cohort	9229.952741841029		legacy_full_rescan	legacy_vep_semantic	Itelman	CentralAsiaSiberia	DDBJ_NIG	a86cddaf2947b677dd3d664eee3b6b20bf2c38aaade60dab6b5adb0f079ab160	e73250d99720aa673639592ca9253dc7de6f0a8f39633cc0e87fed19a752fd3d
GRCh37	cache-gnomad-v4.1-GRCh37-joint-af01-vep115.2-e	0.7857430611535635	1026.1822793190368	pgp	28	4989374	warmup	28	0.2615651684248721	1	hu6664F3	True	3.823139013584771	gnomad_af_0.1	bundled_zenodo	3923.237507113954	10.5281/zenodo.18189051	legacy_full_rescan	legacy_vep_semantic			Veritas	f4a77f5750e6c7c4edb6d3528dfb6802ec8eb13578770525a890011a3494f5bf	39368e91891608e34b39860c35a709da43b22da7a920e16198c6d26f4e9326ef
GRCh37	cache-gnomad-v4.1-GRCh37-joint-af001-vep115.2-e	0.8716103463079737	692.7378166029812	pgp	44	4989374	warmup	44	0.17657300006610585	1	hu6664F3	True	5.663380016342348	gnomad_af_0.01	bundled_zenodo	3923.237507113954	10.5281/zenodo.18189348	legacy_full_rescan	legacy_vep_semantic			Veritas	f4a77f5750e6c7c4edb6d3528dfb6802ec8eb13578770525a890011a3494f5bf	39368e91891608e34b39860c35a709da43b22da7a920e16198c6d26f4e9326ef
GRCh37		0.7508168359397391	1180.9550142500084	pgp	7	4989374	warmup	7	0.30101542720995056	1	hu6664F3	True	3.3220888685632897	cohort_3_genomes	custom_cohort	3923.237507113954		legacy_full_rescan	legacy_vep_semantic			Veritas	f4a77f5750e6c7c4edb6d3528dfb6802ec8eb13578770525a890011a3494f5bf	39368e91891608e34b39860c35a709da43b22da7a920e16198c6d26f4e9326ef
GRCh38	cache-gnomad-v4.1-GRCh38-joint-af01-vep115.2-e	0.8283865361411717	1256.1675520919962	sgdp	0	4748089	warmup	0	0.20152123196995092	1	LP6005443-DNA_D06	True	4.962256285477211	gnomad_af_0.1	bundled_zenodo	6233.42533098103	10.5281/zenodo.18189447	legacy_full_rescan	legacy_vep_semantic	Korean	EastAsia	DDBJ_NIG	332d87ded80a79e36c201dc5ed6b2af1b19697b0d578f83266eaec5b510ffeff	fedf6c10e56d00bffc37359e1ea29af39fc58c58fe5d2531f53c24f9b578b46a
GRCh38	cache-gnomad-v4.1-GRCh38-joint-af001-vep115.2-e	0.9279920827094859	690.7907075420371	sgdp	0	4748089	warmup	0	0.11082040304689411	1	LP6005443-DNA_D06	True	9.0236091234648	gnomad_af_0.01	bundled_zenodo	6233.42533098103	10.5281/zenodo.18190046	legacy_full_rescan	legacy_vep_semantic	Korean	EastAsia	DDBJ_NIG	332d87ded80a79e36c201dc5ed6b2af1b19697b0d578f83266eaec5b510ffeff	fedf6c10e56d00bffc37359e1ea29af39fc58c58fe5d2531f53c24f9b578b46a
GRCh38		0.8190549924401165	1339.3514828269836	sgdp	0	4748089	warmup	0	0.21486605063996067	1	LP6005443-DNA_D06	True	4.654062365932558	cohort_3_genomes	custom_cohort	6233.42533098103		legacy_full_rescan	legacy_vep_semantic	Korean	EastAsia	DDBJ_NIG	332d87ded80a79e36c201dc5ed6b2af1b19697b0d578f83266eaec5b510ffeff	fedf6c10e56d00bffc37359e1ea29af39fc58c58fe5d2531f53c24f9b578b46a
GRCh38	cache-gnomad-v4.1-GRCh38-joint-af01-vep115.2-e	0.8121616869943314	2384.999152036966	kpgp	0	4789204	warmup	0	0.23193038400562144	1	KPGP-00086	True	4.311638616421049	gnomad_af_0.1	bundled_zenodo	10283.254444054037	10.5281/zenodo.18189447	legacy_full_rescan	legacy_vep_semantic	Korean	EastAsia	DDBJ_NIG	397b65d78cabced0fe8d76bd50e70d6cc396b1bb3aaae35fc7903fd5b5847840	fb1fca81676a29a742c5dcf1300116819c0d1076ce474d152682d0caa42a50b0
GRCh38	cache-gnomad-v4.1-GRCh38-joint-af001-vep115.2-e	0.9176714961400684	1325.7247956119827	kpgp	0	4789204	warmup	0	0.12892074224406075	1	KPGP-00086	True	7.756703712633713	gnomad_af_0.01	bundled_zenodo	10283.254444054037	10.5281/zenodo.18190046	legacy_full_rescan	legacy_vep_semantic	Korean	EastAsia	DDBJ_NIG	397b65d78cabced0fe8d76bd50e70d6cc396b1bb3aaae35fc7903fd5b5847840	fb1fca81676a29a742c5dcf1300116819c0d1076ce474d152682d0caa42a50b0
GRCh38		0.8255599469139339	2263.362703747989	kpgp	0	4789204	warmup	0	0.2201017893762909	1	KPGP-00086	True	4.543352431771364	cohort_3_genomes	custom_cohort	10283.254444054037		legacy_full_rescan	legacy_vep_semantic	Korean	EastAsia	DDBJ_NIG	397b65d78cabced0fe8d76bd50e70d6cc396b1bb3aaae35fc7903fd5b5847840	fb1fca81676a29a742c5dcf1300116819c0d1076ce474d152682d0caa42a50b0
GRCh38	cache-gnomad-v4.1-GRCh38-joint-af01-vep115.2-e	0.8057093638245458	2972.98390607303	kpgp	0	5052647	warmup	0	0.25256258244543434	1	KPGP-00343	True	3.959414693647457	gnomad_af_0.1	bundled_zenodo	11771.276161682967	10.5281/zenodo.18189447	legacy_full_rescan	legacy_vep_semantic	Korean	EastAsia	DDBJ_NIG	1549f8b172768c51f8a78df6a2adb2a3964738f6c30460017dd47d66f59b5bbd	139eb150c9f72b9e01da8b5f67f3ecebb9992194328ae0be0b8f4c18bce5d7bd
GRCh38	cache-gnomad-v4.1-GRCh38-joint-af001-vep115.2-e	0.9167315666421977	1456.8751484039822	kpgp	0	5052647	warmup	0	0.12376526796187996	1	KPGP-00343	True	8.079811214144527	gnomad_af_0.01	bundled_zenodo	11771.276161682967	10.5281/zenodo.18190046	legacy_full_rescan	legacy_vep_semantic	Korean	EastAsia	DDBJ_NIG	1549f8b172768c51f8a78df6a2adb2a3964738f6c30460017dd47d66f59b5bbd	139eb150c9f72b9e01da8b5f67f3ecebb9992194328ae0be0b8f4c18bce5d7bd
GRCh38		0.8123587497800657	2766.8839567229734	kpgp	0	5052647	warmup	0	0.23505386490969774	1	KPGP-00343	True	4.25434400061525	cohort_3_genomes	custom_cohort	11771.276161682967		legacy_full_rescan	legacy_vep_semantic	Korean	EastAsia	DDBJ_NIG	1549f8b172768c51f8a78df6a2adb2a3964738f6c30460017dd47d66f59b5bbd	139eb150c9f72b9e01da8b5f67f3ecebb9992194328ae0be0b8f4c18bce5d7bd
GRCh38	cache-gnomad-v4.1-GRCh38-joint-af01-vep115.2-e	0.8118711703825756	1552.4982763619628	kpgp	0	5049460	warmup	0	0.22818439616608327	1	KPGP-00362	True	4.382420607201174	gnomad_af_0.1	bundled_zenodo	6803.70043897297	10.5281/zenodo.18189447	legacy_full_rescan	legacy_vep_semantic	Korean	EastAsia	DDBJ_NIG	68a64c2f93385446b1700b0e7a3489c91dd8f18b04835a8114c2e2f62f7aa66f	5b1d7582b07baec0a6b3ea3ad287399111af928338b1ce94667601477fb46449
GRCh38	cache-gnomad-v4.1-GRCh38-joint-af001-vep115.2-e	0.9226186562523517	797.1819845499704	kpgp	0	5049460	warmup	0	0.11716888356570654	1	KPGP-00362	True	8.534689156095057	gnomad_af_0.01	bundled_zenodo	6803.70043897297	10.5281/zenodo.18190046	legacy_full_rescan	legacy_vep_semantic	Korean	EastAsia	DDBJ_NIG	68a64c2f93385446b1700b0e7a3489c91dd8f18b04835a8114c2e2f62f7aa66f	5b1d7582b07baec0a6b3ea3ad287399111af928338b1ce94667601477fb46449
GRCh38		0.8163144177793269	1589.7547996380017	kpgp	0	5049460	warmup	0	0.23366031674933324	1	KPGP-00362	True	4.279716872389516	cohort_3_genomes	custom_cohort	6803.70043897297		legacy_full_rescan	legacy_vep_semantic	Korean	EastAsia	DDBJ_NIG	68a64c2f93385446b1700b0e7a3489c91dd8f18b04835a8114c2e2f62f7aa66f	5b1d7582b07baec0a6b3ea3ad287399111af928338b1ce94667601477fb46449
GRCh38	cache-gnomad-v4.1-GRCh38-joint-af01-vep115.2-e	0.8041830280787299	2558.966171685024	kpgp	0	5084881	warmup	0	0.24247626480432788	1	KPGP-00338	True	4.124114996603788	gnomad_af_0.1	bundled_zenodo	10553.470764447993	10.5281/zenodo.18189447	legacy_full_rescan	legacy_vep_semantic	Korean	EastAsia	DDBJ_NIG	414799c56e28a47e7ccf5f839c28ffe1d15d1d5764a3affae4610104dcf1e811	4657bb40a61c4bbd0582c872172025d03ea524d1d4adcd70eaf776621ece8a39
GRCh38	cache-gnomad-v4.1-GRCh38-joint-af001-vep115.2-e	0.9168719975944373	1354.0622048340156	kpgp	20	5084881	warmup	20	0.12830491835875577	1	KPGP-00338	True	7.793933489002202	gnomad_af_0.01	bundled_zenodo	10553.470764447993	10.5281/zenodo.18190046	legacy_full_rescan	legacy_vep_semantic	Korean	EastAsia	DDBJ_NIG	414799c56e28a47e7ccf5f839c28ffe1d15d1d5764a3affae4610104dcf1e811	4657bb40a61c4bbd0582c872172025d03ea524d1d4adcd70eaf776621ece8a39
GRCh38		0.8088659301958099	2509.1535766690504	kpgp	0	5084881	warmup	0	0.23775624462065711	1	KPGP-00338	True	4.205988370970074	cohort_3_genomes	custom_cohort	10553.470764447993		legacy_full_rescan	legacy_vep_semantic	Korean	EastAsia	DDBJ_NIG	414799c56e28a47e7ccf5f839c28ffe1d15d1d5764a3affae4610104dcf1e811	4657bb40a61c4bbd0582c872172025d03ea524d1d4adcd70eaf776621ece8a39
GRCh37	cache-gnomad-v4.1-GRCh37-joint-af01-vep115.2-e	0.8806775820209982	764.2405574329896	pgp	31	3641537	warmup	31	0.16946556924766681	1	hu1D5A29	True	5.900903672878483	gnomad_af_0.1	bundled_zenodo	4509.709912319027	10.5281/zenodo.18189051	legacy_full_rescan	legacy_vep_semantic			Dante	a04c13fc8d1d8ace6c4d8afee0298c9e9ca1534054567c37196d676eb7262d8c	f3c4c86614a7f0b7fe523666e3f54cf8c76daea0c8d8e20dc97f1775dbee45de
GRCh37	cache-gnomad-v4.1-GRCh37-joint-af001-vep115.2-e	0.9593556237379985	418.16248507401906	pgp	1	3641537	warmup	1	0.09272491872076699	1	hu1D5A29	True	10.784587506745762	gnomad_af_0.01	bundled_zenodo	4509.709912319027	10.5281/zenodo.18189348	legacy_full_rescan	legacy_vep_semantic			Dante	a04c13fc8d1d8ace6c4d8afee0298c9e9ca1534054567c37196d676eb7262d8c	f3c4c86614a7f0b7fe523666e3f54cf8c76daea0c8d8e20dc97f1775dbee45de
GRCh37		0.8170440119103555	1076.4541123060044	pgp	30	3641537	warmup	30	0.23869697458044692	1	hu1D5A29	True	4.189412127060599	cohort_3_genomes	custom_cohort	4509.709912319027		legacy_full_rescan	legacy_vep_semantic			Dante	a04c13fc8d1d8ace6c4d8afee0298c9e9ca1534054567c37196d676eb7262d8c	f3c4c86614a7f0b7fe523666e3f54cf8c76daea0c8d8e20dc97f1775dbee45de
GRCh38	cache-gnomad-v4.1-GRCh38-joint-af01-vep115.2-e	0.8481429062753372	2298.2021603020257	sgdp	0	4823693	warmup	0	0.19632805932620154	1	LP6005442-DNA_B04	True	5.093515432445076	gnomad_af_0.1	bundled_zenodo	11705.928170376981	10.5281/zenodo.18189447	legacy_full_rescan	legacy_vep_semantic	Georgian	WestEurasia	DDBJ_NIG	0dbac1d1eb57f88de26a5753583a496199356eae32a6324e415f629091708732	2afc707401eba1f1d4367988eca38dbdd15eab1b0bf105b63121a6938e34fa8d
GRCh38	cache-gnomad-v4.1-GRCh38-joint-af001-vep115.2-e	0.940855688784506	1107.3284186749952	sgdp	0	4823693	warmup	0	0.0945955248108561	1	LP6005442-DNA_B04	True	10.571324616037613	gnomad_af_0.01	bundled_zenodo	11705.928170376981	10.5281/zenodo.18190046	legacy_full_rescan	legacy_vep_semantic	Georgian	WestEurasia	DDBJ_NIG	0dbac1d1eb57f88de26a5753583a496199356eae32a6324e415f629091708732	2afc707401eba1f1d4367988eca38dbdd15eab1b0bf105b63121a6938e34fa8d
GRCh38		0.8153559938412333	2437.804830620007	sgdp	35	4823693	warmup	35	0.2082538689062791	1	LP6005442-DNA_B04	True	4.801831559009509	cohort_3_genomes	custom_cohort	11705.928170376981		legacy_full_rescan	legacy_vep_semantic	Georgian	WestEurasia	DDBJ_NIG	0dbac1d1eb57f88de26a5753583a496199356eae32a6324e415f629091708732	2afc707401eba1f1d4367988eca38dbdd15eab1b0bf105b63121a6938e34fa8d
GRCh37	cache-gnomad-v4.1-GRCh37-joint-af01-vep115.2-e	0.8081428937513057	919.4939177299966	pgp	11	4815438	warmup	11	0.24084758537050305	1	huCDD5EE	True	4.15200342765185	gnomad_af_0.1	bundled_zenodo	3817.7418981199735	10.5281/zenodo.18189051	legacy_full_rescan	legacy_vep_semantic			Veritas	2fe79f36de24f18742da017742625a4294a7f0b7832272eac8dde84e49516468	30cb53fbb32294d8ed1298df3428f804891f32c1a91ef07c557ec16f706fb4a9
GRCh37	cache-gnomad-v4.1-GRCh37-joint-af001-vep115.2-e	0.8948666767176734	600.478908672987	pgp	20	4815438	warmup	20	0.15728640769788277	1	huCDD5EE	True	6.357828464877966	gnomad_af_0.01	bundled_zenodo	3817.7418981199735	10.5281/zenodo.18189348	legacy_full_rescan	legacy_vep_semantic			Veritas	2fe79f36de24f18742da017742625a4294a7f0b7832272eac8dde84e49516468	30cb53fbb32294d8ed1298df3428f804891f32c1a91ef07c557ec16f706fb4a9
GRCh37		0.7749868236285048	1067.8428134259884	pgp	46	4815438	warmup	46	0.27970534465722835	1	huCDD5EE	True	3.5751908896323523	cohort_3_genomes	custom_cohort	3817.7418981199735		legacy_full_rescan	legacy_vep_semantic			Veritas	2fe79f36de24f18742da017742625a4294a7f0b7832272eac8dde84e49516468	30cb53fbb32294d8ed1298df3428f804891f32c1a91ef07c557ec16f706fb4a9
GRCh38	cache-gnomad-v4.1-GRCh38-joint-af01-vep115.2-e	0.8197597594071546	2182.213925370015	kpgp	33	4598973	warmup	33	0.22044367085606972	1	KPGP-00128	True	4.536306241483848	gnomad_af_0.1	bundled_zenodo	9899.190649908967	10.5281/zenodo.18189447	legacy_full_rescan	legacy_vep_semantic	Korean	EastAsia	DDBJ_NIG	a2ab554ba120f6dfe0a91da466e28b31ac49bb5b354c34681c126f57e1c08034	ffec6e43b7210496e782e946abd7df4bb3683b80341c291ca495eceff8e4e731
GRCh38	cache-gnomad-v4.1-GRCh38-joint-af001-vep115.2-e	0.9183093703746467	1255.1443034269614	kpgp	33	4598973	warmup	33	0.12679261848932102	1	KPGP-00128	True	7.886894457379031	gnomad_af_0.01	bundled_zenodo	9899.190649908967	10.5281/zenodo.18190046	legacy_full_rescan	legacy_vep_semantic	Korean	EastAsia	DDBJ_NIG	a2ab554ba120f6dfe0a91da466e28b31ac49bb5b354c34681c126f57e1c08034	ffec6e43b7210496e782e946abd7df4bb3683b80341c291ca495eceff8e4e731
GRCh38		0.844058010342744	1918.8531824119855	kpgp	33	4598973	warmup	33	0.19383940064126667	1	KPGP-00128	True	5.158909884635234	cohort_3_genomes	custom_cohort	9899.190649908967		legacy_full_rescan	legacy_vep_semantic	Korean	EastAsia	DDBJ_NIG	a2ab554ba120f6dfe0a91da466e28b31ac49bb5b354c34681c126f57e1c08034	ffec6e43b7210496e782e946abd7df4bb3683b80341c291ca495eceff8e4e731
GRCh38	cache-gnomad-v4.1-GRCh38-joint-af01-vep115.2-e	0.8119224454100997	2784.197881547967	kpgp	0	5003856	warmup	0	0.22740070959427658	1	KPGP-00351	True	4.3975236567387075	gnomad_af_0.1	bundled_zenodo	12243.576049148978	10.5281/zenodo.18189447	legacy_full_rescan	legacy_vep_semantic	Korean	EastAsia	DDBJ_NIG	6414eacbc7733ade14cc3f49a7f750eed310c8d34a19a40dbefca40a992b2c83	bbffc8cc31c6628983185ebfc834e1def9394c420f0ca79e4463c4b8202a162c
GRCh38	cache-gnomad-v4.1-GRCh38-joint-af001-vep115.2-e	0.9192596669448522	1355.0193284010165	kpgp	0	5003856	warmup	0	0.11067185950915057	1	KPGP-00351	True	9.035720592706928	gnomad_af_0.01	bundled_zenodo	12243.576049148978	10.5281/zenodo.18190046	legacy_full_rescan	legacy_vep_semantic	Korean	EastAsia	DDBJ_NIG	6414eacbc7733ade14cc3f49a7f750eed310c8d34a19a40dbefca40a992b2c83	bbffc8cc31c6628983185ebfc834e1def9394c420f0ca79e4463c4b8202a162c
GRCh38		0.8156561659648079	2822.595215501031	kpgp	0	5003856	warmup	0	0.2305368304301277	1	KPGP-00351	True	4.3377016944938225	cohort_3_genomes	custom_cohort	12243.576049148978		legacy_full_rescan	legacy_vep_semantic	Korean	EastAsia	DDBJ_NIG	6414eacbc7733ade14cc3f49a7f750eed310c8d34a19a40dbefca40a992b2c83	bbffc8cc31c6628983185ebfc834e1def9394c420f0ca79e4463c4b8202a162c
GRCh38	cache-gnomad-v4.1-GRCh38-joint-af01-vep115.2-e	0.8331289857639077	1814.363047604973	kpgp	0	4562488	warmup	0	0.20080809928964605	1	KPGP-00327	True	4.979878817325978	gnomad_af_0.1	bundled_zenodo	9035.30810770701	10.5281/zenodo.18189447	legacy_full_rescan	legacy_vep_semantic	Korean	EastAsia	DDBJ_NIG	28e2a49b2b57e5cc2e736fd32d2599e9a015c89fa9154538fad86fe8ed57e68d	da1662a48f46c0adbc32a62e4618b52f7946940ae1d3bbdd87fc320008cb3c17
GRCh38	cache-gnomad-v4.1-GRCh38-joint-af001-vep115.2-e	0.9269918079784538	1010.1647336030146	kpgp	0	4562488	warmup	0	0.11180191328963715	1	KPGP-00327	True	8.944390758406541	gnomad_af_0.01	bundled_zenodo	9035.30810770701	10.5281/zenodo.18190046	legacy_full_rescan	legacy_vep_semantic	Korean	EastAsia	DDBJ_NIG	28e2a49b2b57e5cc2e736fd32d2599e9a015c89fa9154538fad86fe8ed57e68d	da1662a48f46c0adbc32a62e4618b52f7946940ae1d3bbdd87fc320008cb3c17
GRCh38		0.8405676902602264	1786.5673647779622	kpgp	0	4562488	warmup	0	0.19773175894843495	1	KPGP-00327	True	5.057356518336454	cohort_3_genomes	custom_cohort	9035.30810770701		legacy_full_rescan	legacy_vep_semantic	Korean	EastAsia	DDBJ_NIG	28e2a49b2b57e5cc2e736fd32d2599e9a015c89fa9154538fad86fe8ed57e68d	da1662a48f46c0adbc32a62e4618b52f7946940ae1d3bbdd87fc320008cb3c17
GRCh38	cache-gnomad-v4.1-GRCh38-joint-af01-vep115.2-e	0.8271411904097329	1322.8203374189907	sgdp	0	4858092	warmup	0	0.20990368270989324	1	LP6005519-DNA_A06	True	4.7640898296295955	gnomad_af_0.1	bundled_zenodo	6302.034915925004	10.5281/zenodo.18189447	legacy_full_rescan	legacy_vep_semantic	Burmese	EastAsia	DDBJ_NIG	461be3a535420d889aae0d184bf6ee7989db70bb88d45b43eee0639a687ab4c5	91cbc329c1d7ad196aee8557762e128f6d9109aebb1b839358fd9556c51e74e5
GRCh38	cache-gnomad-v4.1-GRCh38-joint-af001-vep115.2-e	0.9268727311051335	705.8874796399614	sgdp	36	4858092	warmup	36	0.11200945235263779	1	LP6005519-DNA_A06	True	8.927817956396341	gnomad_af_0.01	bundled_zenodo	6302.034915925004	10.5281/zenodo.18190046	legacy_full_rescan	legacy_vep_semantic	Burmese	EastAsia	DDBJ_NIG	461be3a535420d889aae0d184bf6ee7989db70bb88d45b43eee0639a687ab4c5	91cbc329c1d7ad196aee8557762e128f6d9109aebb1b839358fd9556c51e74e5
GRCh38		0.8082932558708233	1429.915877270978	sgdp	0	4858092	warmup	0	0.22689748570856608	1	LP6005519-DNA_A06	True	4.407276690956505	cohort_3_genomes	custom_cohort	6302.034915925004		legacy_full_rescan	legacy_vep_semantic	Burmese	EastAsia	DDBJ_NIG	461be3a535420d889aae0d184bf6ee7989db70bb88d45b43eee0639a687ab4c5	91cbc329c1d7ad196aee8557762e128f6d9109aebb1b839358fd9556c51e74e5
GRCh38	cache-gnomad-v4.1-GRCh38-joint-af01-vep115.2-e	0.8114992306768767	2147.3514947560034	kpgp	34	4697636	warmup	34	0.22866933184883478	1	KPGP-00231	True	4.373126872391723	gnomad_af_0.1	bundled_zenodo	9390.640526188014	10.5281/zenodo.18189447	legacy_full_rescan	legacy_vep_semantic	Korean	EastAsia	DDBJ_NIG	ee2ca6c212f83409531d44802eebbcdc4cc02b1c29ab79bfb24efc1216d340df	5f705dadb6649e080978371063f721474c1f968ed329ced97c093125d295699b
GRCh38	cache-gnomad-v4.1-GRCh38-joint-af001-vep115.2-e	0.9093229019872975	1226.332052793994	kpgp	34	4697636	warmup	34	0.1305908845487247	1	KPGP-00231	True	7.657502309258734	gnomad_af_0.01	bundled_zenodo	9390.640526188014	10.5281/zenodo.18190046	legacy_full_rescan	legacy_vep_semantic	Korean	EastAsia	DDBJ_NIG	ee2ca6c212f83409531d44802eebbcdc4cc02b1c29ab79bfb24efc1216d340df	5f705dadb6649e080978371063f721474c1f968ed329ced97c093125d295699b
GRCh38		0.8349870019729072	1926.1400895710103	kpgp	86	4697636	warmup	86	0.20511274861384746	1	KPGP-00231	True	4.8753673614049	cohort_3_genomes	custom_cohort	9390.640526188014		legacy_full_rescan	legacy_vep_semantic	Korean	EastAsia	DDBJ_NIG	ee2ca6c212f83409531d44802eebbcdc4cc02b1c29ab79bfb24efc1216d340df	5f705dadb6649e080978371063f721474c1f968ed329ced97c093125d295699b
GRCh38	cache-gnomad-v4.1-GRCh38-joint-af01-vep115.2-e	0.8226678120432731	2238.0230808469933	kpgp	0	4697145	warmup	0	0.21753396516447637	1	KPGP-00205	True	4.596983276813369	gnomad_af_0.1	bundled_zenodo	10288.154675775964	10.5281/zenodo.18189447	legacy_full_rescan	legacy_vep_semantic	Korean	EastAsia	DDBJ_NIG	73d3922b7b3958eb1269d8679ec07dd08ae630642bd4094fe5e94bd4672fbc5d	cc7dd9ad82305eb582023297a661e20c7327aef95af26a99cf49d7d8b8858b37
GRCh38	cache-gnomad-v4.1-GRCh38-joint-af001-vep115.2-e	0.9241011295159081	1252.584026493947	kpgp	34	4697145	warmup	34	0.12175011612560863	1	KPGP-00205	True	8.213544527286594	gnomad_af_0.01	bundled_zenodo	10288.154675775964	10.5281/zenodo.18190046	legacy_full_rescan	legacy_vep_semantic	Korean	EastAsia	DDBJ_NIG	73d3922b7b3958eb1269d8679ec07dd08ae630642bd4094fe5e94bd4672fbc5d	cc7dd9ad82305eb582023297a661e20c7327aef95af26a99cf49d7d8b8858b37
GRCh38		0.8341892788065942	2150.1496660590055	kpgp	0	4697145	warmup	0	0.20899274299614226	1	KPGP-00205	True	4.784855137378902	cohort_3_genomes	custom_cohort	10288.154675775964		legacy_full_rescan	legacy_vep_semantic	Korean	EastAsia	DDBJ_NIG	73d3922b7b3958eb1269d8679ec07dd08ae630642bd4094fe5e94bd4672fbc5d	cc7dd9ad82305eb582023297a661e20c7327aef95af26a99cf49d7d8b8858b37
