cohort	assembly	strategy	samples	formally_validated_samples	median_hit_rate	hit_rate_q1	hit_rate_q3	median_relative_runtime	relative_runtime_q1	relative_runtime_q3	median_speedup	median_uncached_seconds	median_cached_seconds
kpgp	GRCh38	gnomad_af_0.1	20	20	0.813179345448292	0.811778185456151	0.820486772566184	0.227120367487889	0.216481626647279	0.231571051782853	4.40295837242765	10091.2225469815	2213.96138110699
kpgp	GRCh38	gnomad_af_0.01	20	20	0.919522570030874	0.916668851572913	0.923348067336186	0.121735238814156	0.117139539468338	0.128458874330082	8.2145484304837	10091.2225469815	1248.49001625649
kpgp	GRCh38	cohort_3_genomes	20	20	0.828827180816682	0.815538700778711	0.835549222721074	0.211762863142824	0.204005015198883	0.232855332429701	4.72230020764925	10091.2225469815	2118.51954582901
pgp	GRCh37	gnomad_af_0.1	12	12	0.840140218243125	0.797229633196187	0.884654325704332	0.206377988066109	0.165738253027166	0.250956881845608	4.94908094613406	4062.45422970751	841.867237581493
pgp	GRCh37	gnomad_af_0.01	12	12	0.92656797400414	0.88418426220424	0.961843008890984	0.125217678831041	0.0866535258869648	0.164462800890305	8.47384000134306	4062.45422970751	509.320696873503
pgp	GRCh37	cohort_3_genomes	12	12	0.774516389074606	0.761038988743412	0.821924131022074	0.279919345311768	0.226849364417184	0.293864031661501	3.5724597146348	4062.45422970751	1072.148462866
sgdp	GRCh38	gnomad_af_0.1	20	20	0.833038533751431	0.821943144149462	0.849058735973418	0.2028425127754	0.191309038085341	0.215509003374257	4.92995791464445	9747.90883673599	1871.05932602947
sgdp	GRCh38	gnomad_af_0.01	20	20	0.930385144236506	0.926737194069251	0.941032139949916	0.111215373594472	0.0989836593517974	0.113642750356125	8.99167606328099	9747.90883673599	1018.32665350699
sgdp	GRCh38	cohort_3_genomes	20	20	0.814723372166527	0.800705740098978	0.819072508839553	0.223622540100019	0.21493359596246	0.23567251155667	4.47199993217716	9747.90883673599	2162.47377549449
