tool	statistics_mode	sample	cohort	assembly	strategy	strategy_kind	input_records	cache_hit_rate	uncached_wall_seconds	cached_wall_seconds	relative_runtime	speedup	semantic_pass	semantic_comparator	validation_status
vep	full	hu6ABACE	pgp	GRCh37	gnomad_af_0.1	bundled_zenodo	3749108	0.877846410399487	4024.8441818670253	679.0248226730037	0.16870835043308954	5.927388878101825	True	vep_semantic_comparator	semantically_validated
vep	full	hu6ABACE	pgp	GRCh37	gnomad_af_0.01	bundled_zenodo	3749108	0.9568860112858846	4024.8441818670253	383.06892475602217	0.09517608817798408	10.50684073220103	True	vep_semantic_comparator	semantically_validated
vep	full	hu6ABACE	pgp	GRCh37	cohort_3_genomes	custom_cohort	3749108	0.8146124358113983	4024.8441818670253	929.4092887649895	0.2309180795003745	4.330540086612743	True	vep_semantic_comparator	semantically_validated
vep	full	hu365511	pgp	GRCh37	gnomad_af_0.1	bundled_zenodo	4985467	0.787582988714999	6573.9781379519845	1744.0057832629536	0.2652892581426001	3.7694703773587137	True	vep_semantic_comparator	semantically_validated
vep	full	hu365511	pgp	GRCh37	gnomad_af_0.01	bundled_zenodo	4985467	0.8732929131814532	6573.9781379519845	1156.845883004018	0.17597349104729676	5.682674100789579	True	vep_semantic_comparator	semantically_validated
vep	full	hu365511	pgp	GRCh37	cohort_3_genomes	custom_cohort	4985467	0.7525565809582131	6573.9781379519845	2010.8181471429998	0.30587539309484796	3.2693051568548803	True	vep_semantic_comparator	semantically_validated
vep	full	LP6005443-DNA_H08	sgdp	GRCh38	gnomad_af_0.1	bundled_zenodo	5567709	0.7022507821439662	11873.599244332989	3837.4500342410174	0.3231918102737507	3.0941378098441836	True	vep_semantic_comparator	semantically_validated
vep	full	LP6005443-DNA_H08	sgdp	GRCh38	gnomad_af_0.01	bundled_zenodo	5567709	0.889801352764665	11873.599244332989	1760.3870295519591	0.1482606068578703	6.744879986621448	True	vep_semantic_comparator	semantically_validated
vep	full	LP6005443-DNA_H08	sgdp	GRCh38	cohort_3_genomes	custom_cohort	5567709	0.6705427672315489	11873.599244332989	4181.772803154017	0.3521908325438798	2.839369760924737	True	vep_semantic_comparator	semantically_validated
vep	full	LP6005519-DNA_G03	sgdp	GRCh38	gnomad_af_0.1	bundled_zenodo	4929060	0.8376994802254385	6600.948483426997	1274.8934703889536	0.1931379215562474	5.177647102869805	True	vep_semantic_comparator	semantically_validated
vep	full	LP6005519-DNA_G03	sgdp	GRCh38	gnomad_af_0.01	bundled_zenodo	4929060	0.9337370614275339	6600.948483426997	680.31604195002	0.10306337697651931	9.702767649732918	True	vep_semantic_comparator	semantically_validated
vep	full	LP6005519-DNA_G03	sgdp	GRCh38	cohort_3_genomes	custom_cohort	4929060	0.8058767797511087	6600.948483426997	1493.9747249279753	0.22632728140189218	4.418380293378276	True	vep_semantic_comparator	semantically_validated
vep	full	LP6005619-DNA_B01	sgdp	GRCh38	gnomad_af_0.1	bundled_zenodo	4998072	0.8113342504869878	9921.894405355968	2219.212402671983	0.22366821415414612	4.470907964199271	True	vep_semantic_comparator	semantically_validated
vep	full	LP6005619-DNA_B01	sgdp	GRCh38	gnomad_af_0.01	bundled_zenodo	4998072	0.9301452640138037	9921.894405355968	1126.549421520962	0.11354176687395864	8.807331676545848	True	vep_semantic_comparator	semantically_validated
vep	full	LP6005619-DNA_B01	sgdp	GRCh38	cohort_3_genomes	custom_cohort	4998072	0.7885394608160907	9921.894405355968	2417.5603848850005	0.2436591527904157	4.1040937249755345	True	vep_semantic_comparator	semantically_validated
vep	full	huCDD5EE	pgp	GRCh37	gnomad_af_0.1	bundled_zenodo	4815438	0.8081428937513057	3817.7418981199735	919.4939177299966	0.24084758537050305	4.15200342765185	True	vep_semantic_comparator	semantically_validated
vep	full	huCDD5EE	pgp	GRCh37	gnomad_af_0.01	bundled_zenodo	4815438	0.8948666767176734	3817.7418981199735	600.478908672987	0.15728640769788277	6.357828464877966	True	vep_semantic_comparator	semantically_validated
vep	full	huCDD5EE	pgp	GRCh37	cohort_3_genomes	custom_cohort	4815438	0.7749868236285048	3817.7418981199735	1067.8428134259884	0.27970534465722835	3.5751908896323523	True	vep_semantic_comparator	semantically_validated
vep	full	KPGP-00327	kpgp	GRCh38	gnomad_af_0.1	bundled_zenodo	4562488	0.8331289857639077	9035.30810770701	1814.363047604973	0.20080809928964605	4.979878817325978	True	vep_semantic_comparator	semantically_validated
vep	full	KPGP-00327	kpgp	GRCh38	gnomad_af_0.01	bundled_zenodo	4562488	0.9269918079784538	9035.30810770701	1010.1647336030146	0.11180191328963715	8.944390758406541	True	vep_semantic_comparator	semantically_validated
vep	full	KPGP-00327	kpgp	GRCh38	cohort_3_genomes	custom_cohort	4562488	0.8405676902602264	9035.30810770701	1786.5673647779622	0.19773175894843495	5.057356518336454	True	vep_semantic_comparator	semantically_validated
vep	full	LP6005519-DNA_A06	sgdp	GRCh38	gnomad_af_0.1	bundled_zenodo	4858092	0.8271411904097329	6302.034915925004	1322.8203374189907	0.20990368270989324	4.7640898296295955	True	vep_semantic_comparator	semantically_validated
vep	full	LP6005519-DNA_A06	sgdp	GRCh38	gnomad_af_0.01	bundled_zenodo	4858092	0.9268727311051335	6302.034915925004	705.8874796399614	0.11200945235263779	8.927817956396341	True	vep_semantic_comparator	semantically_validated
vep	full	LP6005519-DNA_A06	sgdp	GRCh38	cohort_3_genomes	custom_cohort	4858092	0.8082932558708233	6302.034915925004	1429.915877270978	0.22689748570856608	4.407276690956505	True	vep_semantic_comparator	semantically_validated
vep	full	KPGP-00231	kpgp	GRCh38	gnomad_af_0.1	bundled_zenodo	4697636	0.8114992306768767	9390.640526188014	2147.3514947560034	0.22866933184883478	4.373126872391723	True	vep_semantic_comparator	semantically_validated
vep	full	KPGP-00231	kpgp	GRCh38	gnomad_af_0.01	bundled_zenodo	4697636	0.9093229019872975	9390.640526188014	1226.332052793994	0.1305908845487247	7.657502309258734	True	vep_semantic_comparator	semantically_validated
vep	full	KPGP-00231	kpgp	GRCh38	cohort_3_genomes	custom_cohort	4697636	0.8349870019729072	9390.640526188014	1926.1400895710103	0.20511274861384746	4.8753673614049	True	vep_semantic_comparator	semantically_validated
vep	full	KPGP-00205	kpgp	GRCh38	gnomad_af_0.1	bundled_zenodo	4697145	0.8226678120432731	10288.154675775964	2238.0230808469933	0.21753396516447637	4.596983276813369	True	vep_semantic_comparator	semantically_validated
vep	full	KPGP-00205	kpgp	GRCh38	gnomad_af_0.01	bundled_zenodo	4697145	0.9241011295159081	10288.154675775964	1252.584026493947	0.12175011612560863	8.213544527286594	True	vep_semantic_comparator	semantically_validated
vep	full	KPGP-00205	kpgp	GRCh38	cohort_3_genomes	custom_cohort	4697145	0.8341892788065942	10288.154675775964	2150.1496660590055	0.20899274299614226	4.784855137378902	True	vep_semantic_comparator	semantically_validated
vep	full	KPGP-00354	kpgp	GRCh38	gnomad_af_0.1	bundled_zenodo	4995030	0.8128818045136866	10433.367598326993	2366.7053708190215	0.22684002538150064	4.408393088116593	True	vep_semantic_comparator	semantically_validated
vep	full	KPGP-00354	kpgp	GRCh38	gnomad_af_0.01	bundled_zenodo	4995030	0.9214885596282705	10433.367598326993	1269.9532757589477	0.1217203615027028	8.215552333680796	True	vep_semantic_comparator	semantically_validated
vep	full	KPGP-00354	kpgp	GRCh38	cohort_3_genomes	custom_cohort	4995030	0.8165756762221649	10433.367598326993	2434.556910373969	0.23334334647274904	4.285530378800773	True	vep_semantic_comparator	semantically_validated
vep	full	LP6005443-DNA_B07	sgdp	GRCh38	gnomad_af_0.1	bundled_zenodo	4690406	0.8329168093337762	6068.508770312008	1243.39007605199	0.20489219396614006	4.880615413612377	True	vep_semantic_comparator	semantically_validated
vep	full	LP6005443-DNA_B07	sgdp	GRCh38	gnomad_af_0.01	bundled_zenodo	4690406	0.930989556127977	6068.508770312008	662.9601138900034	0.10924596782875175	9.153655918610632	True	vep_semantic_comparator	semantically_validated
vep	full	LP6005443-DNA_B07	sgdp	GRCh38	cohort_3_genomes	custom_cohort	4690406	0.8178567057947649	6068.508770312008	1330.0180452729692	0.21916719504132598	4.562726642604706	True	vep_semantic_comparator	semantically_validated
vep	full	LP6005443-DNA_E05	sgdp	GRCh38	gnomad_af_0.1	bundled_zenodo	4835989	0.8520323350611426	9502.899545662047	1765.851483387989	0.18582238767262121	5.381482890865568	True	vep_semantic_comparator	semantically_validated
vep	full	LP6005443-DNA_E05	sgdp	GRCh38	gnomad_af_0.01	bundled_zenodo	4835989	0.9436963152728428	9502.899545662047	942.9545063379919	0.09922808315578151	10.07779217532668	True	vep_semantic_comparator	semantically_validated
vep	full	LP6005443-DNA_E05	sgdp	GRCh38	cohort_3_genomes	custom_cohort	4835989	0.8243916601133708	9502.899545662047	2042.7063302239985	0.2149561110699595	4.652112447617461	True	vep_semantic_comparator	semantically_validated
vep	full	huB333AA	pgp	GRCh37	gnomad_af_0.1	bundled_zenodo	3354528	0.8965845567543332	3765.0497598659713	571.8040921550128	0.1518715896534042	6.584509994806557	True	vep_semantic_comparator	semantically_validated
vep	full	huB333AA	pgp	GRCh37	gnomad_af_0.01	bundled_zenodo	3354528	0.9689819253260071	3765.0497598659713	316.72609518200625	0.08412268505935526	11.887399924222821	True	vep_semantic_comparator	semantically_validated
vep	full	huB333AA	pgp	GRCh37	cohort_3_genomes	custom_cohort	3354528	0.8365644883572294	3765.0497598659713	786.1066715419875	0.20879051318832273	4.789489640738754	True	vep_semantic_comparator	semantically_validated
vep	full	LP6005592-DNA_C05	sgdp	GRCh38	gnomad_af_0.1	bundled_zenodo	6169350	0.6092032385907753	12272.825391129008	5006.695109432971	0.40794967335328414	2.4512827569639963	True	vep_semantic_comparator	semantically_validated
vep	full	LP6005592-DNA_C05	sgdp	GRCh38	gnomad_af_0.01	bundled_zenodo	6169350	0.7898154586787911	12272.825391129008	2835.266978732019	0.23101990685709542	4.328631301105066	True	vep_semantic_comparator	semantically_validated
vep	full	LP6005592-DNA_C05	sgdp	GRCh38	cohort_3_genomes	custom_cohort	6169350	0.5792033196365906	12272.825391129008	5347.3099211239605	0.43570325093919127	2.2951400932731727	True	vep_semantic_comparator	semantically_validated
vep	full	hu9AF7CC	pgp	GRCh37	gnomad_af_0.1	bundled_zenodo	4839785	0.8090231280935001	5878.716758514987	1388.7751498870202	0.23623780612928125	4.233022717171482	True	vep_semantic_comparator	semantically_validated
vep	full	hu9AF7CC	pgp	GRCh37	gnomad_af_0.01	bundled_zenodo	4839785	0.8962499367223957	5878.716758514987	912.7252694309573	0.1552592694840973	6.440839270485083	True	vep_semantic_comparator	semantically_validated
vep	full	hu9AF7CC	pgp	GRCh37	cohort_3_genomes	custom_cohort	4839785	0.774045954520707	5878.716758514987	1646.8245955510065	0.2801333459663071	3.569728539637243	True	vep_semantic_comparator	semantically_validated
vep	full	LP6005519-DNA_B06	sgdp	GRCh38	gnomad_af_0.1	bundled_zenodo	4840679	0.8254794420369539	10259.099111596006	2183.026174370025	0.21278926644762786	4.6994851605737455	True	vep_semantic_comparator	semantically_validated
vep	full	LP6005519-DNA_B06	sgdp	GRCh38	gnomad_af_0.01	bundled_zenodo	4840679	0.9263305829616052	10259.099111596006	1166.9809943999862	0.11375082565299822	8.791144980789353	True	vep_semantic_comparator	semantically_validated
vep	full	LP6005519-DNA_B06	sgdp	GRCh38	cohort_3_genomes	custom_cohort	4840679	0.8140907504918216	10259.099111596006	2361.2670037489734	0.2301631925048857	4.3447433497811465	True	vep_semantic_comparator	semantically_validated
vep	full	huDEFDD1	pgp	GRCh37	gnomad_af_0.1	bundled_zenodo	2464923	0.74998732211919	3555.317645105999	1091.6230521860416	0.30703952815262325	3.2569096429268867	True	vep_semantic_comparator	semantically_validated
vep	full	huDEFDD1	pgp	GRCh37	gnomad_af_0.01	bundled_zenodo	2464923	0.8561622411734565	3555.317645105999	713.4092749360134	0.20065978518629485	4.9835596059847695	True	vep_semantic_comparator	semantically_validated
vep	full	huDEFDD1	pgp	GRCh37	cohort_3_genomes	custom_cohort	2464923	0.7135813167389002	3555.317645105999	1236.2938496709685	0.3477309126999563	2.8757868900279844	True	vep_semantic_comparator	semantically_validated
vep	full	LP6005677-DNA_B02	sgdp	GRCh38	gnomad_af_0.1	bundled_zenodo	4833052	0.8335983142742929	9573.923268116021	1937.634010121983	0.2023866241517596	4.941037996909075	True	vep_semantic_comparator	semantically_validated
vep	full	LP6005677-DNA_B02	sgdp	GRCh38	gnomad_af_0.01	bundled_zenodo	4833052	0.9307358993861435	9573.923268116021	1068.548870744009	0.11161034414204998	8.959743003097174	True	vep_semantic_comparator	semantically_validated
vep	full	LP6005677-DNA_B02	sgdp	GRCh38	cohort_3_genomes	custom_cohort	4833052	0.819125058037861	9573.923268116021	2095.068185787997	0.21883068488392737	4.569743043716296	True	vep_semantic_comparator	semantically_validated
vep	full	KPGP-00319	kpgp	GRCh38	gnomad_af_0.1	bundled_zenodo	4795706	0.8023469328603546	6312.136844881985	1460.9521167789935	0.231451274375264	4.320563810673377	True	vep_semantic_comparator	semantically_validated
vep	full	KPGP-00319	kpgp	GRCh38	gnomad_af_0.01	bundled_zenodo	4795706	0.9025939037964379	6312.136844881985	853.3058445820352	0.13518494062338235	7.397273656286492	True	vep_semantic_comparator	semantically_validated
vep	full	KPGP-00319	kpgp	GRCh38	cohort_3_genomes	custom_cohort	4795706	0.812097530582567	6312.136844881985	1419.957120631996	0.22495664392690212	4.445301025760956	True	vep_semantic_comparator	semantically_validated
vep	full	KPGP-00091	kpgp	GRCh38	gnomad_af_0.1	bundled_zenodo	4690148	0.8133327562371166	9291.982216475008	2189.89968136698	0.23567626695240676	4.243108620699357	True	vep_semantic_comparator	semantically_validated
vep	full	KPGP-00091	kpgp	GRCh38	gnomad_af_0.01	bundled_zenodo	4690148	0.9144125089442806	9291.982216475008	1242.4982815950061	0.13371724704681565	7.47846685513867	True	vep_semantic_comparator	semantically_validated
vep	full	KPGP-00091	kpgp	GRCh38	cohort_3_genomes	custom_cohort	4690148	0.8359964333748103	9291.982216475008	1962.1968679800048	0.211170966782627	4.73549946394558	True	vep_semantic_comparator	semantically_validated
vep	full	LP6005677-DNA_G01	sgdp	GRCh38	gnomad_af_0.1	bundled_zenodo	5700643	0.6892397927742537	12196.662553232047	4107.343085283006	0.33675959036798825	2.969477421288187	True	vep_semantic_comparator	semantically_validated
vep	full	LP6005677-DNA_G01	sgdp	GRCh38	gnomad_af_0.01	bundled_zenodo	5700643	0.8887055372525521	12196.662553232047	1927.3252886219998	0.15802071101092072	6.3282843976755085	True	vep_semantic_comparator	semantically_validated
vep	full	LP6005677-DNA_G01	sgdp	GRCh38	cohort_3_genomes	custom_cohort	5700643	0.657568453242906	12196.662553232047	4567.590355034976	0.3744950993847567	2.670261911685522	True	vep_semantic_comparator	semantically_validated
vep	full	LP6005677-DNA_A03	sgdp	GRCh38	gnomad_af_0.1	bundled_zenodo	4785201	0.8518062250676617	6337.3154514990165	1147.2641544740181	0.18103314617274519	5.523850306649266	True	vep_semantic_comparator	semantically_validated
vep	full	LP6005677-DNA_A03	sgdp	GRCh38	gnomad_af_0.01	bundled_zenodo	4785201	0.9415614934461478	6337.3154514990165	622.643701606954	0.09825038793984527	10.178076860238553	True	vep_semantic_comparator	semantically_validated
vep	full	LP6005677-DNA_A03	sgdp	GRCh38	cohort_3_genomes	custom_cohort	4785201	0.819384598473502	6337.3154514990165	1334.0980703280075	0.21051470145966025	4.7502620627739125	True	vep_semantic_comparator	semantically_validated
vep	full	LP6005519-DNA_B04	sgdp	GRCh38	gnomad_af_0.1	bundled_zenodo	4876494	0.8331602581690862	10187.337253559032	2071.833684320969	0.20337342651507453	4.9170632424087986	True	vep_semantic_comparator	semantically_validated
vep	full	LP6005519-DNA_B04	sgdp	GRCh38	gnomad_af_0.01	bundled_zenodo	4876494	0.9298662112575141	10187.337253559032	1138.1661863310146	0.11172361903827094	8.950658854484923	True	vep_semantic_comparator	semantically_validated
vep	full	LP6005519-DNA_B04	sgdp	GRCh38	cohort_3_genomes	custom_cohort	4876494	0.804761166526607	10187.337253559032	2373.754487363971	0.23301029781208824	4.291655816887769	True	vep_semantic_comparator	semantically_validated
vep	full	KPGP-00325	kpgp	GRCh38	gnomad_af_0.1	bundled_zenodo	4628506	0.8290727072623434	9459.608769879967	1910.357196862984	0.2019488589153592	4.951748701977663	True	vep_semantic_comparator	semantically_validated
vep	full	KPGP-00325	kpgp	GRCh38	gnomad_af_0.01	bundled_zenodo	4628506	0.9247925788580592	9459.608769879967	1107.2614638119703	0.11705150717623392	8.543247533706593	True	vep_semantic_comparator	semantically_validated
vep	full	KPGP-00325	kpgp	GRCh38	cohort_3_genomes	custom_cohort	4628506	0.8339079607977175	9459.608769879967	2435.3071330739767	0.2574426905294603	3.8843596527964572	True	vep_semantic_comparator	semantically_validated
vep	full	KPGP-00139	kpgp	GRCh38	gnomad_af_0.1	bundled_zenodo	4634658	0.8096366549592224	9296.383750259993	2143.2015743529773	0.23054142685246165	4.33761521151669	True	vep_semantic_comparator	semantically_validated
vep	full	KPGP-00139	kpgp	GRCh38	gnomad_af_0.01	bundled_zenodo	4634658	0.9096192210946309	9296.383750259993	1226.333474078041	0.1319151088232286	7.580632794231622	True	vep_semantic_comparator	semantically_validated
vep	full	KPGP-00139	kpgp	GRCh38	cohort_3_genomes	custom_cohort	4634658	0.835400152503162	9296.383750259993	1909.4333085649996	0.205395276255845	4.8686611407478395	True	vep_semantic_comparator	semantically_validated
vep	full	KPGP-00255	kpgp	GRCh38	gnomad_af_0.1	bundled_zenodo	4788584	0.8154579725447022	10536.240414248023	2713.65647725499	0.25755453279002133	3.88267288161175	True	vep_semantic_comparator	semantically_validated
vep	full	KPGP-00255	kpgp	GRCh38	gnomad_af_0.01	bundled_zenodo	4788584	0.9197854731168964	10536.240414248023	1244.3960060190293	0.11810626533694586	8.46695132681654	True	vep_semantic_comparator	semantically_validated
vep	full	KPGP-00255	kpgp	GRCh38	cohort_3_genomes	custom_cohort	4788584	0.8280470803059944	10536.240414248023	2086.8894255990162	0.19806774936313548	5.048777517871471	True	vep_semantic_comparator	semantically_validated
vep	full	LP6005443-DNA_A07	sgdp	GRCh38	gnomad_af_0.1	bundled_zenodo	4835923	0.8264889660153811	6419.809601215995	1278.7825726940064	0.1991932241186387	5.020251087478778	True	vep_semantic_comparator	semantically_validated
vep	full	LP6005443-DNA_A07	sgdp	GRCh38	gnomad_af_0.01	bundled_zenodo	4835923	0.9277947560372652	6419.809601215995	697.8169509429717	0.10869745277348976	9.199847599776415	True	vep_semantic_comparator	semantically_validated
vep	full	LP6005443-DNA_A07	sgdp	GRCh38	cohort_3_genomes	custom_cohort	4835923	0.8076671195964038	6419.809601215995	1426.5364883560105	0.2222085352945368	4.500277177357309	True	vep_semantic_comparator	semantically_validated
vep	full	LP6005519-DNA_F03	sgdp	GRCh38	gnomad_af_0.1	bundled_zenodo	4827736	0.8527373907769604	10133.199988168024	1865.6840146539616	0.1841159768713158	5.431359173674156	True	vep_semantic_comparator	semantically_validated
vep	full	LP6005519-DNA_F03	sgdp	GRCh38	gnomad_af_0.01	bundled_zenodo	4827736	0.9419210163936056	10133.199988168024	988.0686017349944	0.09750805302260958	10.255563197104612	True	vep_semantic_comparator	semantically_validated
vep	full	LP6005519-DNA_F03	sgdp	GRCh38	cohort_3_genomes	custom_cohort	4827736	0.8169988996912838	10133.199988168024	2229.8793652009917	0.22005678046468027	4.544281698061573	True	vep_semantic_comparator	semantically_validated
vep	full	KPGP-00326	kpgp	GRCh38	gnomad_af_0.1	bundled_zenodo	4530456	0.8329082105642346	9672.739985270018	1962.749815348012	0.20291559768348524	4.928157378812419	True	vep_semantic_comparator	semantically_validated
vep	full	KPGP-00326	kpgp	GRCh38	gnomad_af_0.01	bundled_zenodo	4530456	0.927099832776215	9672.739985270018	1134.278157517023	0.11726544487335964	8.527661333481028	True	vep_semantic_comparator	semantically_validated
vep	full	KPGP-00326	kpgp	GRCh38	cohort_3_genomes	custom_cohort	4530456	0.839409101423786	9672.739985270018	1923.2158610569895	0.19882844612650902	5.029461425070575	True	vep_semantic_comparator	semantically_validated
vep	full	KPGP-00320	kpgp	GRCh38	gnomad_af_0.1	bundled_zenodo	4684091	0.8261617889148609	11355.912264649	2422.495567492966	0.2133246110956849	4.687691658565634	True	vep_semantic_comparator	semantically_validated
vep	full	KPGP-00320	kpgp	GRCh38	gnomad_af_0.01	bundled_zenodo	4684091	0.923107599745607	11355.912264649	1374.247441287036	0.12101603193651592	8.26336795214532	True	vep_semantic_comparator	semantically_validated
vep	full	KPGP-00320	kpgp	GRCh38	cohort_3_genomes	custom_cohort	4684091	0.8296072813273696	11355.912264649	2411.482017896953	0.2123547595030217	4.709100951352919	True	vep_semantic_comparator	semantically_validated
vep	full	hu876E3D	pgp	GRCh37	gnomad_af_0.1	bundled_zenodo	4644318	0.8712573083927501	3470.420898402983	612.592346126039	0.17651817000293585	5.665139175096638	True	vep_semantic_comparator	semantically_validated
vep	full	hu876E3D	pgp	GRCh37	gnomad_af_0.01	bundled_zenodo	4644318	0.9594633700793098	3470.420898402983	303.6519014579826	0.08749713949616804	11.428945057612944	True	vep_semantic_comparator	semantically_validated
vep	full	hu876E3D	pgp	GRCh37	cohort_3_genomes	custom_cohort	4644318	0.765015229361986	3470.420898402983	1011.559092579002	0.2914802331453516	3.4307643753713237	True	vep_semantic_comparator	semantically_validated
vep	full	SS6004480	sgdp	GRCh38	gnomad_af_0.1	bundled_zenodo	5538843	0.7004962949843496	11298.112986891007	3657.1926568900235	0.3236994231809681	3.0892857026839304	True	vep_semantic_comparator	semantically_validated
vep	full	SS6004480	sgdp	GRCh38	gnomad_af_0.01	bundled_zenodo	5538843	0.8882309897572471	11298.112986891007	1707.6299597210018	0.1511429352585103	6.616253669347034	True	vep_semantic_comparator	semantically_validated
vep	full	SS6004480	sgdp	GRCh38	cohort_3_genomes	custom_cohort	5538843	0.6666675693822699	11298.112986891007	4000.963814836985	0.35412673067433736	2.823847830113739	True	vep_semantic_comparator	semantically_validated
vep	full	hu57D7DD	pgp	GRCh37	gnomad_af_0.1	bundled_zenodo	3375074	0.8977782413067091	4406.021542075963	690.987373726035	0.15682796080939404	6.376413968778071	True	vep_semantic_comparator	semantically_validated
vep	full	hu57D7DD	pgp	GRCh37	gnomad_af_0.01	bundled_zenodo	3375074	0.9712874443641828	4406.021542075963	358.2275403380045	0.08130408281417983	12.299505330937636	True	vep_semantic_comparator	semantically_validated
vep	full	hu57D7DD	pgp	GRCh37	cohort_3_genomes	custom_cohort	3375074	0.8381585114874518	4406.021542075963	945.7226475130301	0.21464321916761184	4.658893972416218	True	vep_semantic_comparator	semantically_validated
vep	full	KPGP-00347	kpgp	GRCh38	gnomad_af_0.1	bundled_zenodo	5019022	0.8150791130224175	6761.343270351004	1518.955229638028	0.22465287871106326	4.451311755885165	True	vep_semantic_comparator	semantically_validated
vep	full	KPGP-00347	kpgp	GRCh38	gnomad_af_0.01	bundled_zenodo	5019022	0.9240694701079214	6761.343270351004	783.5071428040392	0.11588039705656959	8.629587276196748	True	vep_semantic_comparator	semantically_validated
vep	full	KPGP-00347	kpgp	GRCh38	cohort_3_genomes	custom_cohort	5019022	0.8151863052204195	6761.343270351004	1573.3149580669706	0.23269266108201817	4.297514134524104	True	vep_semantic_comparator	semantically_validated
vep	full	huC8266A	pgp	GRCh37	gnomad_af_0.1	bundled_zenodo	4833985	0.8004451813565826	6060.609652660962	1499.5208058350254	0.24742078631918624	4.041697607047234	True	vep_semantic_comparator	semantically_validated
vep	full	huC8266A	pgp	GRCh37	gnomad_af_0.01	bundled_zenodo	4833985	0.8878147118785019	6060.609652660962	973.4909052880248	0.16062590417130815	6.225645889180465	True	vep_semantic_comparator	semantically_validated
vep	full	huC8266A	pgp	GRCh37	cohort_3_genomes	custom_cohort	4833985	0.7638664580051449	6060.609652660962	1745.872125622991	0.2880687299926091	3.471393788647788	True	vep_semantic_comparator	semantically_validated
vep	full	LP6005442-DNA_G04	sgdp	GRCh38	gnomad_af_0.1	bundled_zenodo	4787146	0.8552866363382274	10161.753400792019	1847.319227357977	0.18179138525581567	5.500810715495711	True	vep_semantic_comparator	semantically_validated
vep	full	LP6005442-DNA_G04	sgdp	GRCh38	gnomad_af_0.01	bundled_zenodo	4787146	0.9440305351037968	10161.753400792019	965.6910544629791	0.09503193163373873	10.522778847157252	True	vep_semantic_comparator	semantically_validated
vep	full	LP6005442-DNA_G04	sgdp	GRCh38	cohort_3_genomes	custom_cohort	4787146	0.81771393644564	10161.753400792019	2286.7658754959702	0.22503654490550196	4.443722686997008	True	vep_semantic_comparator	semantically_validated
vep	full	KPGP-00321	kpgp	GRCh38	gnomad_af_0.1	bundled_zenodo	5050770	0.8130259346594677	12594.128100623027	2622.3171083069756	0.208217439695349	4.8026716756441665	True	vep_semantic_comparator	semantically_validated
vep	full	KPGP-00321	kpgp	GRCh38	gnomad_af_0.01	bundled_zenodo	5050770	0.922771379413436	12594.128100623027	1416.9308020059834	0.11250725661079217	8.888315564029813	True	vep_semantic_comparator	semantically_validated
vep	full	KPGP-00321	kpgp	GRCh38	cohort_3_genomes	custom_cohort	5050770	0.8141511096327887	12594.128100623027	2575.609736079001	0.2045087770666384	4.889765683133266	True	vep_semantic_comparator	semantically_validated
vep	full	LP6005442-DNA_B03	sgdp	GRCh38	gnomad_af_0.1	bundled_zenodo	4754466	0.8600803959897915	6252.563233599998	1096.608518062043	0.1753854342758331	5.701727763933205	True	vep_semantic_comparator	semantically_validated
vep	full	LP6005442-DNA_B03	sgdp	GRCh38	gnomad_af_0.01	bundled_zenodo	4754466	0.947099842548038	6252.563233599998	586.3584332850296	0.09377888897373467	10.663380755983122	True	vep_semantic_comparator	semantically_validated
vep	full	LP6005442-DNA_B03	sgdp	GRCh38	cohort_3_genomes	custom_cohort	4754466	0.8221575251563478	6252.563233599998	1333.8311174439732	0.21332549030071973	4.687672338595469	True	vep_semantic_comparator	semantically_validated
vep	full	huF85C76	pgp	GRCh37	gnomad_af_0.1	bundled_zenodo	3137841	0.9223797509179082	4100.064277547994	505.07654095598264	0.12318746896769119	8.117708792785358	True	vep_semantic_comparator	semantically_validated
vep	full	huF85C76	pgp	GRCh37	gnomad_af_0.01	bundled_zenodo	3137841	0.9813655312681554	4100.064277547994	268.7446432989673	0.0655464463741743	15.256357214111398	True	vep_semantic_comparator	semantically_validated
vep	full	huF85C76	pgp	GRCh37	cohort_3_genomes	custom_cohort	3137841	0.8550375879466168	4100.064277547994	787.2459876419744	0.1920082062988485	5.208110732744225	True	vep_semantic_comparator	semantically_validated
vep	full	KPGP-00134	kpgp	GRCh38	gnomad_af_0.1	bundled_zenodo	4599548	0.8171826883859022	11044.617206148978	2500.2881293090177	0.2263806959209965	4.417337776667075	True	vep_semantic_comparator	semantically_validated
vep	full	KPGP-00134	kpgp	GRCh38	gnomad_af_0.01	bundled_zenodo	4599548	0.9164807063650602	11044.617206148978	1356.6805951110437	0.12283636180308047	8.140911903619422	True	vep_semantic_comparator	semantically_validated
vep	full	KPGP-00134	kpgp	GRCh38	cohort_3_genomes	custom_cohort	4599548	0.844146424822613	11044.617206148978	2236.465730029042	0.20249372959561807	4.938424523055651	True	vep_semantic_comparator	semantically_validated
vep	full	LP6005443-DNA_D04	sgdp	GRCh38	gnomad_af_0.1	bundled_zenodo	4676153	0.8336183610758673	9229.952741841029	1876.4346374049783	0.20329840139904118	4.918877832379828	True	vep_semantic_comparator	semantically_validated
vep	full	LP6005443-DNA_D04	sgdp	GRCh38	gnomad_af_0.01	bundled_zenodo	4676153	0.9306250244592082	9229.952741841029	1048.584705278976	0.11360672525716774	8.802295794868952	True	vep_semantic_comparator	semantically_validated
vep	full	LP6005443-DNA_D04	sgdp	GRCh38	cohort_3_genomes	custom_cohort	4676153	0.8299602258523192	9229.952741841029	1886.596238771046	0.20439933892822304	4.892383729045036	True	vep_semantic_comparator	semantically_validated
vep	full	hu6664F3	pgp	GRCh37	gnomad_af_0.1	bundled_zenodo	4989374	0.7857430611535635	3923.237507113954	1026.1822793190368	0.2615651684248721	3.823139013584771	True	vep_semantic_comparator	semantically_validated
vep	full	hu6664F3	pgp	GRCh37	gnomad_af_0.01	bundled_zenodo	4989374	0.8716103463079737	3923.237507113954	692.7378166029812	0.17657300006610585	5.663380016342348	True	vep_semantic_comparator	semantically_validated
vep	full	hu6664F3	pgp	GRCh37	cohort_3_genomes	custom_cohort	4989374	0.7508168359397391	3923.237507113954	1180.9550142500084	0.30101542720995056	3.3220888685632897	True	vep_semantic_comparator	semantically_validated
vep	full	LP6005443-DNA_D06	sgdp	GRCh38	gnomad_af_0.1	bundled_zenodo	4748089	0.8283865361411717	6233.42533098103	1256.1675520919962	0.20152123196995092	4.962256285477211	True	vep_semantic_comparator	semantically_validated
vep	full	LP6005443-DNA_D06	sgdp	GRCh38	gnomad_af_0.01	bundled_zenodo	4748089	0.9279920827094859	6233.42533098103	690.7907075420371	0.11082040304689411	9.0236091234648	True	vep_semantic_comparator	semantically_validated
vep	full	LP6005443-DNA_D06	sgdp	GRCh38	cohort_3_genomes	custom_cohort	4748089	0.8190549924401165	6233.42533098103	1339.3514828269836	0.21486605063996067	4.654062365932558	True	vep_semantic_comparator	semantically_validated
vep	full	KPGP-00086	kpgp	GRCh38	gnomad_af_0.1	bundled_zenodo	4789204	0.8121616869943314	10283.254444054037	2384.999152036966	0.23193038400562144	4.311638616421049	True	vep_semantic_comparator	semantically_validated
vep	full	KPGP-00086	kpgp	GRCh38	gnomad_af_0.01	bundled_zenodo	4789204	0.9176714961400684	10283.254444054037	1325.7247956119827	0.12892074224406075	7.756703712633713	True	vep_semantic_comparator	semantically_validated
vep	full	KPGP-00086	kpgp	GRCh38	cohort_3_genomes	custom_cohort	4789204	0.8255599469139339	10283.254444054037	2263.362703747989	0.2201017893762909	4.543352431771364	True	vep_semantic_comparator	semantically_validated
vep	full	KPGP-00343	kpgp	GRCh38	gnomad_af_0.1	bundled_zenodo	5052647	0.8057093638245458	11771.276161682967	2972.98390607303	0.25256258244543434	3.959414693647457	True	vep_semantic_comparator	semantically_validated
vep	full	KPGP-00343	kpgp	GRCh38	gnomad_af_0.01	bundled_zenodo	5052647	0.9167315666421977	11771.276161682967	1456.8751484039822	0.12376526796187996	8.079811214144527	True	vep_semantic_comparator	semantically_validated
vep	full	KPGP-00343	kpgp	GRCh38	cohort_3_genomes	custom_cohort	5052647	0.8123587497800657	11771.276161682967	2766.8839567229734	0.23505386490969774	4.25434400061525	True	vep_semantic_comparator	semantically_validated
vep	full	KPGP-00362	kpgp	GRCh38	gnomad_af_0.1	bundled_zenodo	5049460	0.8118711703825756	6803.70043897297	1552.4982763619628	0.22818439616608327	4.382420607201174	True	vep_semantic_comparator	semantically_validated
vep	full	KPGP-00362	kpgp	GRCh38	gnomad_af_0.01	bundled_zenodo	5049460	0.9226186562523517	6803.70043897297	797.1819845499704	0.11716888356570654	8.534689156095057	True	vep_semantic_comparator	semantically_validated
vep	full	KPGP-00362	kpgp	GRCh38	cohort_3_genomes	custom_cohort	5049460	0.8163144177793269	6803.70043897297	1589.7547996380017	0.23366031674933324	4.279716872389516	True	vep_semantic_comparator	semantically_validated
vep	full	KPGP-00338	kpgp	GRCh38	gnomad_af_0.1	bundled_zenodo	5084881	0.8041830280787299	10553.470764447993	2558.966171685024	0.24247626480432788	4.124114996603788	True	vep_semantic_comparator	semantically_validated
vep	full	KPGP-00338	kpgp	GRCh38	gnomad_af_0.01	bundled_zenodo	5084881	0.9168719975944373	10553.470764447993	1354.0622048340156	0.12830491835875577	7.793933489002202	True	vep_semantic_comparator	semantically_validated
vep	full	KPGP-00338	kpgp	GRCh38	cohort_3_genomes	custom_cohort	5084881	0.8088659301958099	10553.470764447993	2509.1535766690504	0.23775624462065711	4.205988370970074	True	vep_semantic_comparator	semantically_validated
vep	full	hu1D5A29	pgp	GRCh37	gnomad_af_0.1	bundled_zenodo	3641537	0.8806775820209982	4509.709912319027	764.2405574329896	0.16946556924766681	5.900903672878483	True	vep_semantic_comparator	semantically_validated
vep	full	hu1D5A29	pgp	GRCh37	gnomad_af_0.01	bundled_zenodo	3641537	0.9593556237379985	4509.709912319027	418.16248507401906	0.09272491872076699	10.784587506745762	True	vep_semantic_comparator	semantically_validated
vep	full	hu1D5A29	pgp	GRCh37	cohort_3_genomes	custom_cohort	3641537	0.8170440119103555	4509.709912319027	1076.4541123060044	0.23869697458044692	4.189412127060599	True	vep_semantic_comparator	semantically_validated
vep	full	LP6005442-DNA_B04	sgdp	GRCh38	gnomad_af_0.1	bundled_zenodo	4823693	0.8481429062753372	11705.928170376981	2298.2021603020257	0.19632805932620154	5.093515432445076	True	vep_semantic_comparator	semantically_validated
vep	full	LP6005442-DNA_B04	sgdp	GRCh38	gnomad_af_0.01	bundled_zenodo	4823693	0.940855688784506	11705.928170376981	1107.3284186749952	0.0945955248108561	10.571324616037613	True	vep_semantic_comparator	semantically_validated
vep	full	LP6005442-DNA_B04	sgdp	GRCh38	cohort_3_genomes	custom_cohort	4823693	0.8153559938412333	11705.928170376981	2437.804830620007	0.2082538689062791	4.801831559009509	True	vep_semantic_comparator	semantically_validated
vep	full	KPGP-00128	kpgp	GRCh38	gnomad_af_0.1	bundled_zenodo	4598973	0.8197597594071546	9899.190649908967	2182.213925370015	0.22044367085606972	4.536306241483848	True	vep_semantic_comparator	semantically_validated
vep	full	KPGP-00128	kpgp	GRCh38	gnomad_af_0.01	bundled_zenodo	4598973	0.9183093703746467	9899.190649908967	1255.1443034269614	0.12679261848932102	7.886894457379031	True	vep_semantic_comparator	semantically_validated
vep	full	KPGP-00128	kpgp	GRCh38	cohort_3_genomes	custom_cohort	4598973	0.844058010342744	9899.190649908967	1918.8531824119855	0.19383940064126667	5.158909884635234	True	vep_semantic_comparator	semantically_validated
vep	full	KPGP-00351	kpgp	GRCh38	gnomad_af_0.1	bundled_zenodo	5003856	0.8119224454100997	12243.576049148978	2784.197881547967	0.22740070959427658	4.3975236567387075	True	vep_semantic_comparator	semantically_validated
vep	full	KPGP-00351	kpgp	GRCh38	gnomad_af_0.01	bundled_zenodo	5003856	0.9192596669448522	12243.576049148978	1355.0193284010165	0.11067185950915057	9.035720592706928	True	vep_semantic_comparator	semantically_validated
vep	full	KPGP-00351	kpgp	GRCh38	cohort_3_genomes	custom_cohort	5003856	0.8156561659648079	12243.576049148978	2822.595215501031	0.2305368304301277	4.3377016944938225	True	vep_semantic_comparator	semantically_validated
fastvep	light	hu6ABACE	pgp	GRCh37	gnomad_af_0.1	locally_built_fastvep_from_bundled_blueprint	3749108	0.877846410399487	167.53003427595831	94.63790348998737	0.5649011169788112	1.7702213182869473	True	fastvep_complete_record_and_header_v2	strict_complete_record_and_header_validated
fastvep	light	hu6ABACE	pgp	GRCh37	gnomad_af_0.01	locally_built_fastvep_from_bundled_blueprint	3749108	0.9568860112858846	167.53003427595831	91.13558023306541	0.5439954729725975	1.838250591563972	True	fastvep_complete_record_and_header_v2	strict_complete_record_and_header_validated
fastvep	light	hu6ABACE	pgp	GRCh37	cohort_3_genomes	locally_built_fastvep_from_cohort_blueprint	3749108	0.8146124358113983	167.53003427595831	104.36451982904691	0.622960057759768	1.6052393528986568	True	fastvep_complete_record_and_header_v2	strict_complete_record_and_header_validated
fastvep	light	hu365511	pgp	GRCh37	gnomad_af_0.1	locally_built_fastvep_from_bundled_blueprint	4985467	0.787582988714999	334.7660683799768	218.98484763107263	0.6541429025074116	1.5287179546959464	True	fastvep_complete_record_and_header_v3	strict_complete_record_and_header_validated
fastvep	light	hu365511	pgp	GRCh37	gnomad_af_0.01	locally_built_fastvep_from_bundled_blueprint	4985467	0.8732929131814532	334.7660683799768	197.9732014728943	0.5913777415702253	1.6909665848173479	True	fastvep_complete_record_and_header_v3	strict_complete_record_and_header_validated
fastvep	light	hu365511	pgp	GRCh37	cohort_3_genomes	locally_built_fastvep_from_cohort_blueprint	4985467	0.7525565809582131	334.7660683799768	229.23330648697447	0.684756694716093	1.460372724672097	True	fastvep_complete_record_and_header_v3	strict_complete_record_and_header_validated
fastvep	light	LP6005443-DNA_H08	sgdp	GRCh38	gnomad_af_0.1	locally_built_fastvep_from_bundled_blueprint	5567709	0.7022507821439662	584.8690387790557	352.6781803210033	0.6030036759292938	1.6583646831984762	True	fastvep_complete_record_and_header_v2	strict_complete_record_and_header_validated
fastvep	light	LP6005443-DNA_H08	sgdp	GRCh38	gnomad_af_0.01	locally_built_fastvep_from_bundled_blueprint	5567709	0.889801352764665	584.8690387790557	261.3524837490404	0.44685641813871224	2.23785529178543	True	fastvep_complete_record_and_header_v2	strict_complete_record_and_header_validated
fastvep	light	LP6005443-DNA_H08	sgdp	GRCh38	cohort_3_genomes	locally_built_fastvep_from_cohort_blueprint	5567709	0.6705427672315489	584.8690387790557	362.1464736229973	0.6191924167827326	1.6150068587659856	True	fastvep_complete_record_and_header_v2	strict_complete_record_and_header_validated
fastvep	light	LP6005519-DNA_G03	sgdp	GRCh38	gnomad_af_0.1	locally_built_fastvep_from_bundled_blueprint	4929060	0.8376994802254385	404.5772803409491	212.93161051603965	0.5263063964852301	1.9000339092934875	True	fastvep_complete_record_and_header_v2	strict_complete_record_and_header_validated
fastvep	light	LP6005519-DNA_G03	sgdp	GRCh38	gnomad_af_0.01	locally_built_fastvep_from_bundled_blueprint	4929060	0.9337370614275339	404.5772803409491	187.44792210194282	0.4633179647259851	2.158344972855561	True	fastvep_complete_record_and_header_v2	strict_complete_record_and_header_validated
fastvep	light	LP6005519-DNA_G03	sgdp	GRCh38	cohort_3_genomes	locally_built_fastvep_from_cohort_blueprint	4929060	0.8058767797511087	404.5772803409491	223.159143366036	0.5515859496063973	1.8129540839711085	True	fastvep_complete_record_and_header_v2	strict_complete_record_and_header_validated
fastvep	light	LP6005619-DNA_B01	sgdp	GRCh38	gnomad_af_0.1	locally_built_fastvep_from_bundled_blueprint	4998072	0.8113342504869878	244.80561926600058	138.1172623670427	0.5641915523882131	1.7724476656323855	True	fastvep_complete_record_and_header_v2	strict_complete_record_and_header_validated
fastvep	light	LP6005619-DNA_B01	sgdp	GRCh38	gnomad_af_0.01	locally_built_fastvep_from_bundled_blueprint	4998072	0.9301452640138037	244.80561926600058	122.31791555695236	0.4996532184338641	2.0013880889918925	True	fastvep_complete_record_and_header_v2	strict_complete_record_and_header_validated
fastvep	light	LP6005619-DNA_B01	sgdp	GRCh38	cohort_3_genomes	locally_built_fastvep_from_cohort_blueprint	4998072	0.7885394608160907	244.80561926600058	144.25679491390474	0.5892707665225543	1.6970127432271411	True	fastvep_complete_record_and_header_v2	strict_complete_record_and_header_validated
fastvep	light	huCDD5EE	pgp	GRCh37	gnomad_af_0.1	locally_built_fastvep_from_bundled_blueprint	4815438	0.8081428937513057	335.6770836970536	219.380290178	0.653545627130118	1.5301150501017804	True	fastvep_complete_record_and_header_v3	strict_complete_record_and_header_validated
fastvep	light	huCDD5EE	pgp	GRCh37	gnomad_af_0.01	locally_built_fastvep_from_bundled_blueprint	4815438	0.8948666767176734	335.6770836970536	199.03601702896412	0.5929389484585514	1.6865142736864815	True	fastvep_complete_record_and_header_v3	strict_complete_record_and_header_validated
fastvep	light	huCDD5EE	pgp	GRCh37	cohort_3_genomes	locally_built_fastvep_from_cohort_blueprint	4815438	0.7749868236285048	335.6770836970536	229.69978961499874	0.6842879683210704	1.4613730568046408	True	fastvep_complete_record_and_header_v3	strict_complete_record_and_header_validated
fastvep	light	KPGP-00327	kpgp	GRCh38	gnomad_af_0.1	locally_built_fastvep_from_bundled_blueprint	4562488	0.8331289857639077	222.3139193659881	121.51345938502345	0.5465850259469351	1.8295415214998672	True	fastvep_complete_record_and_header_v2	strict_complete_record_and_header_validated
fastvep	light	KPGP-00327	kpgp	GRCh38	gnomad_af_0.01	locally_built_fastvep_from_bundled_blueprint	4562488	0.9269918079784538	222.3139193659881	111.93864923901856	0.5035161521071365	1.9860336074923437	True	fastvep_complete_record_and_header_v2	strict_complete_record_and_header_validated
fastvep	light	KPGP-00327	kpgp	GRCh38	cohort_3_genomes	locally_built_fastvep_from_cohort_blueprint	4562488	0.8405676902602264	222.3139193659881	120.55254360300023	0.5422626884848292	1.844124667316064	True	fastvep_complete_record_and_header_v2	strict_complete_record_and_header_validated
fastvep	light	LP6005519-DNA_A06	sgdp	GRCh38	gnomad_af_0.1	locally_built_fastvep_from_bundled_blueprint	4858092	0.8271411904097329	438.4758473569527	218.08485639700666	0.4973702832472526	2.010574482800132	True	fastvep_complete_record_and_header_v3	strict_complete_record_and_header_validated
fastvep	light	LP6005519-DNA_A06	sgdp	GRCh38	gnomad_af_0.01	locally_built_fastvep_from_bundled_blueprint	4858092	0.9268727311051335	438.4758473569527	194.07277857000008	0.4426076823611451	2.2593371960138087	True	fastvep_complete_record_and_header_v3	strict_complete_record_and_header_validated
fastvep	light	LP6005519-DNA_A06	sgdp	GRCh38	cohort_3_genomes	locally_built_fastvep_from_cohort_blueprint	4858092	0.8082932558708233	438.4758473569527	237.08460988092702	0.5407016402614352	1.849448800481702	True	fastvep_complete_record_and_header_v3	strict_complete_record_and_header_validated
fastvep	light	KPGP-00231	kpgp	GRCh38	gnomad_af_0.1	locally_built_fastvep_from_bundled_blueprint	4697636	0.8114992306768767	490.71029900806025	252.87773335399106	0.5153299897417425	1.9405041816043926	True	fastvep_complete_record_and_header_v3	strict_complete_record_and_header_validated
fastvep	light	KPGP-00231	kpgp	GRCh38	gnomad_af_0.01	locally_built_fastvep_from_bundled_blueprint	4697636	0.9093229019872975	490.71029900806025	220.85374972992577	0.45006952203034584	2.221878956586123	True	fastvep_complete_record_and_header_v3	strict_complete_record_and_header_validated
fastvep	light	KPGP-00231	kpgp	GRCh38	cohort_3_genomes	locally_built_fastvep_from_cohort_blueprint	4697636	0.8349870019729072	490.71029900806025	243.50685336999595	0.49623342705916224	2.015180649812971	True	fastvep_complete_record_and_header_v3	strict_complete_record_and_header_validated
fastvep	light	KPGP-00205	kpgp	GRCh38	gnomad_af_0.1	locally_built_fastvep_from_bundled_blueprint	4697145	0.8226678120432731	391.7586134150624	217.3805597849423	0.5548839319446713	1.802178694371911	True	fastvep_complete_record_and_header_v3	strict_complete_record_and_header_validated
fastvep	light	KPGP-00205	kpgp	GRCh38	gnomad_af_0.01	locally_built_fastvep_from_bundled_blueprint	4697145	0.9241011295159081	391.7586134150624	192.89535258093383	0.4923831818257026	2.030938579770556	True	fastvep_complete_record_and_header_v3	strict_complete_record_and_header_validated
fastvep	light	KPGP-00205	kpgp	GRCh38	cohort_3_genomes	locally_built_fastvep_from_cohort_blueprint	4697145	0.8341892788065942	391.7586134150624	207.1641177609563	0.5288055212240323	1.891054385523979	True	fastvep_complete_record_and_header_v3	strict_complete_record_and_header_validated
fastvep	light	KPGP-00354	kpgp	GRCh38	gnomad_af_0.1	locally_built_fastvep_from_bundled_blueprint	4995030	0.8128818045136866	249.85375031200238	142.3238032249501	0.5696284448291237	1.7555303094106869	True	fastvep_complete_record_and_header_v3	strict_complete_record_and_header_validated
fastvep	light	KPGP-00354	kpgp	GRCh38	gnomad_af_0.01	locally_built_fastvep_from_bundled_blueprint	4995030	0.9214885596282705	249.85375031200238	127.85706016700715	0.511727600675783	1.9541646740949847	True	fastvep_complete_record_and_header_v3	strict_complete_record_and_header_validated
fastvep	light	KPGP-00354	kpgp	GRCh38	cohort_3_genomes	locally_built_fastvep_from_cohort_blueprint	4995030	0.8165756762221649	249.85375031200238	148.55644310300704	0.594573597224371	1.6818775752375623	True	fastvep_complete_record_and_header_v3	strict_complete_record_and_header_validated
fastvep	light	LP6005443-DNA_B07	sgdp	GRCh38	gnomad_af_0.1	locally_built_fastvep_from_bundled_blueprint	4690406	0.8329168093337762	233.52511469100136	132.52858474105597	0.567513198383038	1.7620735567898789	True	fastvep_complete_record_and_header_v3	strict_complete_record_and_header_validated
fastvep	light	LP6005443-DNA_B07	sgdp	GRCh38	gnomad_af_0.01	locally_built_fastvep_from_bundled_blueprint	4690406	0.930989556127977	233.52511469100136	117.05246749904472	0.5012414517124963	1.995046492231419	True	fastvep_complete_record_and_header_v3	strict_complete_record_and_header_validated
fastvep	light	LP6005443-DNA_B07	sgdp	GRCh38	cohort_3_genomes	locally_built_fastvep_from_cohort_blueprint	4690406	0.8178567057947649	233.52511469100136	129.06559855898377	0.5526840174332528	1.8093521224734332	True	fastvep_complete_record_and_header_v3	strict_complete_record_and_header_validated
fastvep	light	LP6005443-DNA_E05	sgdp	GRCh38	gnomad_af_0.1	locally_built_fastvep_from_bundled_blueprint	4835989	0.8520323350611426	408.1479444479337	199.23115807003342	0.4881346599442418	2.0486150278987094	True	fastvep_complete_record_and_header_v3	strict_complete_record_and_header_validated
fastvep	light	LP6005443-DNA_E05	sgdp	GRCh38	gnomad_af_0.01	locally_built_fastvep_from_bundled_blueprint	4835989	0.9436963152728428	408.1479444479337	180.27282778406516	0.44168500720469034	2.264056926742296	True	fastvep_complete_record_and_header_v3	strict_complete_record_and_header_validated
fastvep	light	LP6005443-DNA_E05	sgdp	GRCh38	cohort_3_genomes	locally_built_fastvep_from_cohort_blueprint	4835989	0.8243916601133708	408.1479444479337	217.50594757695217	0.5329095749119932	1.8764909603381472	True	fastvep_complete_record_and_header_v3	strict_complete_record_and_header_validated
fastvep	light	huB333AA	pgp	GRCh37	gnomad_af_0.1	locally_built_fastvep_from_bundled_blueprint	3354528	0.8965845567543332	82.5823502469575	56.60546706104651	0.6854426749998189	1.458911206542931	True	fastvep_complete_record_and_header_v3	strict_complete_record_and_header_validated
fastvep	light	huB333AA	pgp	GRCh37	gnomad_af_0.01	locally_built_fastvep_from_bundled_blueprint	3354528	0.9689819253260071	82.5823502469575	54.15258795698173	0.6557404553762602	1.5249936034924145	True	fastvep_complete_record_and_header_v3	strict_complete_record_and_header_validated
fastvep	light	huB333AA	pgp	GRCh37	cohort_3_genomes	locally_built_fastvep_from_cohort_blueprint	3354528	0.8365644883572294	82.5823502469575	58.79500428400934	0.7119560548735469	1.4045810737259812	True	fastvep_complete_record_and_header_v3	strict_complete_record_and_header_validated
fastvep	light	LP6005592-DNA_C05	sgdp	GRCh38	gnomad_af_0.1	locally_built_fastvep_from_bundled_blueprint	6169350	0.6092032385907753	307.7381208949955	224.87471847597044	0.7307340339310799	1.3684869645668045	True	fastvep_complete_record_and_header_v3	strict_complete_record_and_header_validated
fastvep	light	LP6005592-DNA_C05	sgdp	GRCh38	gnomad_af_0.01	locally_built_fastvep_from_bundled_blueprint	6169350	0.7898154586787911	307.7381208949955	187.56187279103324	0.6094853385259733	1.6407285570125079	True	fastvep_complete_record_and_header_v3	strict_complete_record_and_header_validated
fastvep	light	LP6005592-DNA_C05	sgdp	GRCh38	cohort_3_genomes	locally_built_fastvep_from_cohort_blueprint	6169350	0.5792033196365906	307.7381208949955	230.5113432080252	0.7490503371425955	1.3350237633090225	True	fastvep_complete_record_and_header_v3	strict_complete_record_and_header_validated
fastvep	light	hu9AF7CC	pgp	GRCh37	gnomad_af_0.1	locally_built_fastvep_from_bundled_blueprint	4839785	0.8090231280935001	329.61537616699934	216.03593956201803	0.6554182698460147	1.5257432482541904	True	fastvep_complete_record_and_header_v3	strict_complete_record_and_header_validated
fastvep	light	hu9AF7CC	pgp	GRCh37	gnomad_af_0.01	locally_built_fastvep_from_bundled_blueprint	4839785	0.8962499367223957	329.61537616699934	201.93348255590536	0.6126336850669125	1.6322967939491917	True	fastvep_complete_record_and_header_v3	strict_complete_record_and_header_validated
fastvep	light	hu9AF7CC	pgp	GRCh37	cohort_3_genomes	locally_built_fastvep_from_cohort_blueprint	4839785	0.774045954520707	329.61537616699934	228.51424179098103	0.6932754304374578	1.4424281549527849	True	fastvep_complete_record_and_header_v3	strict_complete_record_and_header_validated
fastvep	light	LP6005519-DNA_B06	sgdp	GRCh38	gnomad_af_0.1	locally_built_fastvep_from_bundled_blueprint	4840679	0.8254794420369539	391.7139783499297	216.3052859309828	0.5522021114542686	1.8109311414373623	True	fastvep_complete_record_and_header_v3	strict_complete_record_and_header_validated
fastvep	light	LP6005519-DNA_B06	sgdp	GRCh38	gnomad_af_0.01	locally_built_fastvep_from_bundled_blueprint	4840679	0.9263305829616052	391.7139783499297	190.84928334795404	0.48721591236517664	2.05247812031739	True	fastvep_complete_record_and_header_v3	strict_complete_record_and_header_validated
fastvep	light	LP6005519-DNA_B06	sgdp	GRCh38	cohort_3_genomes	locally_built_fastvep_from_cohort_blueprint	4840679	0.8140907504918216	391.7139783499297	221.1030239739921	0.5644501758792846	1.7716355539126694	True	fastvep_complete_record_and_header_v3	strict_complete_record_and_header_validated
fastvep	light	huDEFDD1	pgp	GRCh37	gnomad_af_0.1	locally_built_fastvep_from_bundled_blueprint	2464923	0.74998732211919	166.69680613500532	121.40967364003882	0.7283263336293971	1.3730109070981933	True	fastvep_complete_record_and_header_v3	strict_complete_record_and_header_validated
fastvep	light	huDEFDD1	pgp	GRCh37	gnomad_af_0.01	locally_built_fastvep_from_bundled_blueprint	2464923	0.8561622411734565	166.69680613500532	114.4847104260698	0.686784066716613	1.4560617353585592	True	fastvep_complete_record_and_header_v3	strict_complete_record_and_header_validated
fastvep	light	huDEFDD1	pgp	GRCh37	cohort_3_genomes	locally_built_fastvep_from_cohort_blueprint	2464923	0.7135813167389002	166.69680613500532	123.9743267550366	0.7437114701203789	1.3446074723550219	True	fastvep_complete_record_and_header_v3	strict_complete_record_and_header_validated
fastvep	light	LP6005677-DNA_B02	sgdp	GRCh38	gnomad_af_0.1	locally_built_fastvep_from_bundled_blueprint	4833052	0.8335983142742929	493.9090599960182	235.94826601201203	0.4777160111497331	2.0932938747296133	True	fastvep_complete_record_and_header_v3	strict_complete_record_and_header_validated
fastvep	light	LP6005677-DNA_B02	sgdp	GRCh38	gnomad_af_0.01	locally_built_fastvep_from_bundled_blueprint	4833052	0.9307358993861435	493.9090599960182	214.17455040302593	0.43363154829504963	2.3061052728561724	True	fastvep_complete_record_and_header_v3	strict_complete_record_and_header_validated
fastvep	light	LP6005677-DNA_B02	sgdp	GRCh38	cohort_3_genomes	locally_built_fastvep_from_cohort_blueprint	4833052	0.819125058037861	493.9090599960182	244.74578489607666	0.49552803282865426	2.018049300443481	True	fastvep_complete_record_and_header_v3	strict_complete_record_and_header_validated
fastvep	light	KPGP-00319	kpgp	GRCh38	gnomad_af_0.1	locally_built_fastvep_from_bundled_blueprint	4795706	0.8023469328603546	417.8203573549399	229.89836878096685	0.5502325694141976	1.817413318634782	True	fastvep_complete_record_and_header_v3	strict_complete_record_and_header_validated
fastvep	light	KPGP-00319	kpgp	GRCh38	gnomad_af_0.01	locally_built_fastvep_from_bundled_blueprint	4795706	0.9025939037964379	417.8203573549399	201.29703761800192	0.48177891305329423	2.0756408653555583	True	fastvep_complete_record_and_header_v3	strict_complete_record_and_header_validated
fastvep	light	KPGP-00319	kpgp	GRCh38	cohort_3_genomes	locally_built_fastvep_from_cohort_blueprint	4795706	0.812097530582567	417.8203573549399	229.0949938839767	0.5483097935540744	1.8237865012735355	True	fastvep_complete_record_and_header_v3	strict_complete_record_and_header_validated
fastvep	light	KPGP-00091	kpgp	GRCh38	gnomad_af_0.1	locally_built_fastvep_from_bundled_blueprint	4690148	0.8133327562371166	230.6894368189387	131.05486921488773	0.5681008676515553	1.7602507880930574	True	fastvep_complete_record_and_header_v3	strict_complete_record_and_header_validated
fastvep	light	KPGP-00091	kpgp	GRCh38	gnomad_af_0.01	locally_built_fastvep_from_bundled_blueprint	4690148	0.9144125089442806	230.6894368189387	119.08323596604168	0.5162058463019552	1.9372116901888956	True	fastvep_complete_record_and_header_v3	strict_complete_record_and_header_validated
fastvep	light	KPGP-00091	kpgp	GRCh38	cohort_3_genomes	locally_built_fastvep_from_cohort_blueprint	4690148	0.8359964333748103	230.6894368189387	127.10629297210835	0.5509844521917591	1.814933245433884	True	fastvep_complete_record_and_header_v3	strict_complete_record_and_header_validated
fastvep	light	LP6005677-DNA_G01	sgdp	GRCh38	gnomad_af_0.1	locally_built_fastvep_from_bundled_blueprint	5700643	0.6892397927742537	467.752033708035	311.72370722098276	0.6664294001029546	1.5005340398330462	True	fastvep_complete_record_and_header_v3	strict_complete_record_and_header_validated
fastvep	light	LP6005677-DNA_G01	sgdp	GRCh38	gnomad_af_0.01	locally_built_fastvep_from_bundled_blueprint	5700643	0.8887055372525521	467.752033708035	238.26407183904666	0.5093811564008466	1.9631664568547003	True	fastvep_complete_record_and_header_v3	strict_complete_record_and_header_validated
fastvep	light	LP6005677-DNA_G01	sgdp	GRCh38	cohort_3_genomes	locally_built_fastvep_from_cohort_blueprint	5700643	0.657568453242906	467.752033708035	327.66605737095233	0.7005123094247783	1.427526663765758	True	fastvep_complete_record_and_header_v3	strict_complete_record_and_header_validated
fastvep	light	LP6005677-DNA_A03	sgdp	GRCh38	gnomad_af_0.1	locally_built_fastvep_from_bundled_blueprint	4785201	0.8518062250676617	399.03311862202827	202.1731280889362	0.5066575145118178	1.9737198627430501	True	fastvep_complete_record_and_header_v3	strict_complete_record_and_header_validated
fastvep	light	LP6005677-DNA_A03	sgdp	GRCh38	gnomad_af_0.01	locally_built_fastvep_from_bundled_blueprint	4785201	0.9415614934461478	399.03311862202827	182.71698523801751	0.4578992988576733	2.1838862878687775	True	fastvep_complete_record_and_header_v3	strict_complete_record_and_header_validated
fastvep	light	LP6005677-DNA_A03	sgdp	GRCh38	cohort_3_genomes	locally_built_fastvep_from_cohort_blueprint	4785201	0.819384598473502	399.03311862202827	214.57136988593265	0.5377282232284551	1.8596754955433081	True	fastvep_complete_record_and_header_v3	strict_complete_record_and_header_validated
fastvep	light	LP6005519-DNA_B04	sgdp	GRCh38	gnomad_af_0.1	locally_built_fastvep_from_bundled_blueprint	4876494	0.8331602581690862	241.49363526597153	132.93665488203987	0.5504768468768492	1.8166068303754048	True	fastvep_complete_record_and_header_v3	strict_complete_record_and_header_validated
fastvep	light	LP6005519-DNA_B04	sgdp	GRCh38	gnomad_af_0.01	locally_built_fastvep_from_bundled_blueprint	4876494	0.9298662112575141	241.49363526597153	121.61587900097948	0.5035986926406427	1.9857080937928062	True	fastvep_complete_record_and_header_v3	strict_complete_record_and_header_validated
fastvep	light	LP6005519-DNA_B04	sgdp	GRCh38	cohort_3_genomes	locally_built_fastvep_from_cohort_blueprint	4876494	0.804761166526607	241.49363526597153	137.37732608802617	0.5688652039906733	1.7578856871273765	True	fastvep_complete_record_and_header_v3	strict_complete_record_and_header_validated
fastvep	light	KPGP-00325	kpgp	GRCh38	gnomad_af_0.1	locally_built_fastvep_from_bundled_blueprint	4628506	0.8290727072623434	477.24638080899604	228.20584324502852	0.4781719724268821	2.091297812635623	True	fastvep_complete_record_and_header_v3	strict_complete_record_and_header_validated
fastvep	light	KPGP-00325	kpgp	GRCh38	gnomad_af_0.01	locally_built_fastvep_from_bundled_blueprint	4628506	0.9247925788580592	477.24638080899604	209.8280067400774	0.4396639035468243	2.274464635219934	True	fastvep_complete_record_and_header_v3	strict_complete_record_and_header_validated
fastvep	light	KPGP-00325	kpgp	GRCh38	cohort_3_genomes	locally_built_fastvep_from_cohort_blueprint	4628506	0.8339079607977175	477.24638080899604	228.5869649760425	0.47897055728019816	2.087811003829614	True	fastvep_complete_record_and_header_v3	strict_complete_record_and_header_validated
fastvep	light	KPGP-00139	kpgp	GRCh38	gnomad_af_0.1	locally_built_fastvep_from_bundled_blueprint	4634658	0.8096366549592224	424.48728528397623	223.41721411503386	0.526322511557845	1.899975733586109	True	fastvep_complete_record_and_header_v3	strict_complete_record_and_header_validated
fastvep	light	KPGP-00139	kpgp	GRCh38	gnomad_af_0.01	locally_built_fastvep_from_bundled_blueprint	4634658	0.9096192210946309	424.48728528397623	199.62335424602497	0.47026933707208607	2.1264410012909543	True	fastvep_complete_record_and_header_v3	strict_complete_record_and_header_validated
fastvep	light	KPGP-00139	kpgp	GRCh38	cohort_3_genomes	locally_built_fastvep_from_cohort_blueprint	4634658	0.835400152503162	424.48728528397623	215.4531630249694	0.5075609340827114	1.9702067926233293	True	fastvep_complete_record_and_header_v3	strict_complete_record_and_header_validated
fastvep	light	KPGP-00255	kpgp	GRCh38	gnomad_af_0.1	locally_built_fastvep_from_bundled_blueprint	4788584	0.8154579725447022	241.84887382294983	137.1506473949412	0.567092354936269	1.7633812046582467	True	fastvep_complete_record_and_header_v3	strict_complete_record_and_header_validated
fastvep	light	KPGP-00255	kpgp	GRCh38	gnomad_af_0.01	locally_built_fastvep_from_bundled_blueprint	4788584	0.9197854731168964	241.84887382294983	124.24520009302069	0.5137307365920455	1.9465450065023107	True	fastvep_complete_record_and_header_v3	strict_complete_record_and_header_validated
fastvep	light	KPGP-00255	kpgp	GRCh38	cohort_3_genomes	locally_built_fastvep_from_cohort_blueprint	4788584	0.8280470803059944	241.84887382294983	134.3739409960108	0.5556111916997465	1.7998197569432728	True	fastvep_complete_record_and_header_v3	strict_complete_record_and_header_validated
fastvep	light	LP6005443-DNA_A07	sgdp	GRCh38	gnomad_af_0.1	locally_built_fastvep_from_bundled_blueprint	4835923	0.8264889660153811	423.92314369697124	219.91873257397674	0.5187702908977743	1.927635443944599	True	fastvep_complete_record_and_header_v3	strict_complete_record_and_header_validated
fastvep	light	LP6005443-DNA_A07	sgdp	GRCh38	gnomad_af_0.01	locally_built_fastvep_from_bundled_blueprint	4835923	0.9277947560372652	423.92314369697124	190.17264910100494	0.44860171455263637	2.2291488586869095	True	fastvep_complete_record_and_header_v3	strict_complete_record_and_header_validated
fastvep	light	LP6005443-DNA_A07	sgdp	GRCh38	cohort_3_genomes	locally_built_fastvep_from_cohort_blueprint	4835923	0.8076671195964038	423.92314369697124	223.85050553490873	0.528045021516734	1.893777915238444	True	fastvep_complete_record_and_header_v3	strict_complete_record_and_header_validated
fastvep	light	LP6005519-DNA_F03	sgdp	GRCh38	gnomad_af_0.1	locally_built_fastvep_from_bundled_blueprint	4827736	0.8527373907769604	395.04953761503566	205.98582311393693	0.5214177046187665	1.9178481880110843	True	fastvep_complete_record_and_header_v3	strict_complete_record_and_header_validated
fastvep	light	LP6005519-DNA_F03	sgdp	GRCh38	gnomad_af_0.01	locally_built_fastvep_from_bundled_blueprint	4827736	0.9419210163936056	395.04953761503566	181.26332308002748	0.45883694529637276	2.179423453693508	True	fastvep_complete_record_and_header_v3	strict_complete_record_and_header_validated
fastvep	light	LP6005519-DNA_F03	sgdp	GRCh38	cohort_3_genomes	locally_built_fastvep_from_cohort_blueprint	4827736	0.8169988996912838	395.04953761503566	218.52579794405028	0.5531604954237342	1.807793593853762	True	fastvep_complete_record_and_header_v3	strict_complete_record_and_header_validated
fastvep	light	KPGP-00326	kpgp	GRCh38	gnomad_af_0.1	locally_built_fastvep_from_bundled_blueprint	4530456	0.8329082105642346	458.555654665106	224.42035988997668	0.489407027493481	2.043289008581554	True	fastvep_complete_record_and_header_v3	strict_complete_record_and_header_validated
fastvep	light	KPGP-00326	kpgp	GRCh38	gnomad_af_0.01	locally_built_fastvep_from_bundled_blueprint	4530456	0.927099832776215	458.555654665106	204.40272881207056	0.4457533708996582	2.243393017941094	True	fastvep_complete_record_and_header_v3	strict_complete_record_and_header_validated
fastvep	light	KPGP-00326	kpgp	GRCh38	cohort_3_genomes	locally_built_fastvep_from_cohort_blueprint	4530456	0.839409101423786	458.555654665106	225.67248855996877	0.4921376200775078	2.031951956533028	True	fastvep_complete_record_and_header_v3	strict_complete_record_and_header_validated
fastvep	light	KPGP-00320	kpgp	GRCh38	gnomad_af_0.1	locally_built_fastvep_from_bundled_blueprint	4684091	0.8261617889148609	229.1140273991041	128.30663457105402	0.5600121303247438	1.7856756056696714	True	fastvep_complete_record_and_header_v3	strict_complete_record_and_header_validated
fastvep	light	KPGP-00320	kpgp	GRCh38	gnomad_af_0.01	locally_built_fastvep_from_bundled_blueprint	4684091	0.923107599745607	229.1140273991041	117.09577931300737	0.5110807951930108	1.9566377946609164	True	fastvep_complete_record_and_header_v3	strict_complete_record_and_header_validated
fastvep	light	KPGP-00320	kpgp	GRCh38	cohort_3_genomes	locally_built_fastvep_from_cohort_blueprint	4684091	0.8296072813273696	229.1140273991041	126.60599402198568	0.5525894484035453	1.809661771300634	True	fastvep_complete_record_and_header_v3	strict_complete_record_and_header_validated
fastvep	light	hu876E3D	pgp	GRCh37	gnomad_af_0.1	locally_built_fastvep_from_bundled_blueprint	4644318	0.8712573083927501	217.0216465429403	122.92941596906167	0.566438500155507	1.7654167217190664	True	fastvep_complete_record_and_header_v3	strict_complete_record_and_header_validated
fastvep	light	hu876E3D	pgp	GRCh37	gnomad_af_0.01	locally_built_fastvep_from_bundled_blueprint	4644318	0.9594633700793098	217.0216465429403	113.52128691505641	0.5230873911584432	1.9117264474400224	True	fastvep_complete_record_and_header_v3	strict_complete_record_and_header_validated
fastvep	light	hu876E3D	pgp	GRCh37	cohort_3_genomes	locally_built_fastvep_from_cohort_blueprint	4644318	0.765015229361986	217.0216465429403	136.23800862696953	0.627762302964618	1.5929596206677006	True	fastvep_complete_record_and_header_v3	strict_complete_record_and_header_validated
fastvep	light	SS6004480	sgdp	GRCh38	gnomad_af_0.1	locally_built_fastvep_from_bundled_blueprint	5538843	0.7004962949843496	472.1321943938965	299.68096802500077	0.6347395318163351	1.5754493770672453	True	fastvep_complete_record_and_header_v3	strict_complete_record_and_header_validated
fastvep	light	SS6004480	sgdp	GRCh38	gnomad_af_0.01	locally_built_fastvep_from_bundled_blueprint	5538843	0.8882309897572471	472.1321943938965	239.2872468701098	0.5068225588329064	1.9730771303920758	True	fastvep_complete_record_and_header_v3	strict_complete_record_and_header_validated
fastvep	light	SS6004480	sgdp	GRCh38	cohort_3_genomes	locally_built_fastvep_from_cohort_blueprint	5538843	0.6666675693822699	472.1321943938965	322.6855306089856	0.6834643653632554	1.463134072057303	True	fastvep_complete_record_and_header_v3	strict_complete_record_and_header_validated
fastvep	light	hu57D7DD	pgp	GRCh37	gnomad_af_0.1	locally_built_fastvep_from_bundled_blueprint	3375074	0.8977782413067091	88.0014894050546	61.52816953288857	0.6991719111671596	1.4302634073652278	True	fastvep_complete_record_and_header_v3	strict_complete_record_and_header_validated
fastvep	light	hu57D7DD	pgp	GRCh37	gnomad_af_0.01	locally_built_fastvep_from_bundled_blueprint	3375074	0.9712874443641828	88.0014894050546	60.143910697079264	0.6834419633541423	1.463182030983698	True	fastvep_complete_record_and_header_v3	strict_complete_record_and_header_validated
fastvep	light	hu57D7DD	pgp	GRCh37	cohort_3_genomes	locally_built_fastvep_from_cohort_blueprint	3375074	0.8381585114874518	88.0014894050546	64.3285368909128	0.7309937289222507	1.368000791845864	True	fastvep_complete_record_and_header_v3	strict_complete_record_and_header_validated
fastvep	light	KPGP-00347	kpgp	GRCh38	gnomad_af_0.1	locally_built_fastvep_from_bundled_blueprint	5019022	0.8150791130224175	461.39821545092855	229.74504681001417	0.49793223969339007	2.0083053883310837	True	fastvep_complete_record_and_header_v3	strict_complete_record_and_header_validated
fastvep	light	KPGP-00347	kpgp	GRCh38	gnomad_af_0.01	locally_built_fastvep_from_bundled_blueprint	5019022	0.9240694701079214	461.39821545092855	202.9756688210182	0.4399142910048932	2.273170070732885	True	fastvep_complete_record_and_header_v3	strict_complete_record_and_header_validated
fastvep	light	KPGP-00347	kpgp	GRCh38	cohort_3_genomes	locally_built_fastvep_from_cohort_blueprint	5019022	0.8151863052204195	461.39821545092855	234.38392241601832	0.5079861918992314	1.968557444959781	True	fastvep_complete_record_and_header_v3	strict_complete_record_and_header_validated
fastvep	light	huC8266A	pgp	GRCh37	gnomad_af_0.1	locally_built_fastvep_from_bundled_blueprint	4833985	0.8004451813565826	299.3159720340045	205.79539291199762	0.687552326437888	1.4544347557964927	True	fastvep_complete_record_and_header_v3	strict_complete_record_and_header_validated
fastvep	light	huC8266A	pgp	GRCh37	gnomad_af_0.01	locally_built_fastvep_from_bundled_blueprint	4833985	0.8878147118785019	299.3159720340045	202.5790591200348	0.6768067127972052	1.4775267164048278	True	fastvep_complete_record_and_header_v3	strict_complete_record_and_header_validated
fastvep	light	huC8266A	pgp	GRCh37	cohort_3_genomes	locally_built_fastvep_from_cohort_blueprint	4833985	0.7638664580051449	299.3159720340045	228.20985991496127	0.7624379626792349	1.311582120709157	True	fastvep_complete_record_and_header_v3	strict_complete_record_and_header_validated
fastvep	light	LP6005442-DNA_G04	sgdp	GRCh38	gnomad_af_0.1	locally_built_fastvep_from_bundled_blueprint	4787146	0.8552866363382274	239.15911383600906	125.16448020201642	0.5233523330741284	1.9107586549315303	True	fastvep_complete_record_and_header_v3	strict_complete_record_and_header_validated
fastvep	light	LP6005442-DNA_G04	sgdp	GRCh38	gnomad_af_0.01	locally_built_fastvep_from_bundled_blueprint	4787146	0.9440305351037968	239.15911383600906	115.05884811608121	0.481097484727163	2.0785808110535307	True	fastvep_complete_record_and_header_v3	strict_complete_record_and_header_validated
fastvep	light	LP6005442-DNA_G04	sgdp	GRCh38	cohort_3_genomes	locally_built_fastvep_from_cohort_blueprint	4787146	0.81771393644564	239.15911383600906	133.67084143694956	0.5589201234815053	1.7891644225851355	True	fastvep_complete_record_and_header_v3	strict_complete_record_and_header_validated
fastvep	light	KPGP-00321	kpgp	GRCh38	gnomad_af_0.1	locally_built_fastvep_from_bundled_blueprint	5050770	0.8130259346594677	524.994923264021	269.8656752050156	0.5140348282364239	1.9453934734944898	True	fastvep_complete_record_and_header_v3	strict_complete_record_and_header_validated
fastvep	light	KPGP-00321	kpgp	GRCh38	gnomad_af_0.01	locally_built_fastvep_from_bundled_blueprint	5050770	0.922771379413436	524.994923264021	220.1873896480538	0.419408607380611	2.3843096741515026	True	fastvep_complete_record_and_header_v3	strict_complete_record_and_header_validated
fastvep	light	KPGP-00321	kpgp	GRCh38	cohort_3_genomes	locally_built_fastvep_from_cohort_blueprint	5050770	0.8141511096327887	524.994923264021	264.3692794580711	0.5035654017650742	1.9858393696128567	True	fastvep_complete_record_and_header_v3	strict_complete_record_and_header_validated
fastvep	light	LP6005442-DNA_B03	sgdp	GRCh38	gnomad_af_0.1	locally_built_fastvep_from_bundled_blueprint	4754466	0.8600803959897915	234.13464823795948	122.31280964892358	0.5224037132881446	1.9142283535959965	True	fastvep_complete_record_and_header_v3	strict_complete_record_and_header_validated
fastvep	light	LP6005442-DNA_B03	sgdp	GRCh38	gnomad_af_0.01	locally_built_fastvep_from_bundled_blueprint	4754466	0.947099842548038	234.13464823795948	114.91098072996829	0.49079015683821436	2.037530675925196	True	fastvep_complete_record_and_header_v3	strict_complete_record_and_header_validated
fastvep	light	LP6005442-DNA_B03	sgdp	GRCh38	cohort_3_genomes	locally_built_fastvep_from_cohort_blueprint	4754466	0.8221575251563478	234.13464823795948	131.14137383596972	0.5601109225947883	1.7853606485075617	True	fastvep_complete_record_and_header_v3	strict_complete_record_and_header_validated
fastvep	light	huF85C76	pgp	GRCh37	gnomad_af_0.1	locally_built_fastvep_from_bundled_blueprint	3137841	0.9223797509179082	89.92233197705355	48.41002223198302	0.5383537233480147	1.8575147837392358	True	fastvep_complete_record_and_header_v3	strict_complete_record_and_header_validated
fastvep	light	huF85C76	pgp	GRCh37	gnomad_af_0.01	locally_built_fastvep_from_bundled_blueprint	3137841	0.9813655312681554	89.92233197705355	51.650122183025815	0.574385928917034	1.7409897242528776	True	fastvep_complete_record_and_header_v3	strict_complete_record_and_header_validated
fastvep	light	huF85C76	pgp	GRCh37	cohort_3_genomes	locally_built_fastvep_from_cohort_blueprint	3137841	0.8550375879466168	89.92233197705355	54.86006540292874	0.6100827702836708	1.63912185150718	True	fastvep_complete_record_and_header_v3	strict_complete_record_and_header_validated
fastvep	light	KPGP-00134	kpgp	GRCh38	gnomad_af_0.1	locally_built_fastvep_from_bundled_blueprint	4599548	0.8171826883859022	391.07249206199776	209.37022182997316	0.5353744537899667	1.8678515437576537	True	fastvep_complete_record_and_header_v3	strict_complete_record_and_header_validated
fastvep	light	KPGP-00134	kpgp	GRCh38	gnomad_af_0.01	locally_built_fastvep_from_bundled_blueprint	4599548	0.9164807063650602	391.07249206199776	188.40902072098106	0.48177518118843315	2.0756569434175094	True	fastvep_complete_record_and_header_v3	strict_complete_record_and_header_validated
fastvep	light	KPGP-00134	kpgp	GRCh38	cohort_3_genomes	locally_built_fastvep_from_cohort_blueprint	4599548	0.844146424822613	391.07249206199776	203.02316065097693	0.5191445697970266	1.926245709149913	True	fastvep_complete_record_and_header_v3	strict_complete_record_and_header_validated
fastvep	light	LP6005443-DNA_D04	sgdp	GRCh38	gnomad_af_0.1	locally_built_fastvep_from_bundled_blueprint	4676153	0.8336183610758673	418.9525234500179	212.22987414209638	0.5065726120812253	1.9740506615459446	True	fastvep_complete_record_and_header_v3	strict_complete_record_and_header_validated
fastvep	light	LP6005443-DNA_D04	sgdp	GRCh38	gnomad_af_0.01	locally_built_fastvep_from_bundled_blueprint	4676153	0.9306250244592082	418.9525234500179	182.3338116260711	0.4352135419177729	2.2977226204715273	True	fastvep_complete_record_and_header_v3	strict_complete_record_and_header_validated
fastvep	light	LP6005443-DNA_D04	sgdp	GRCh38	cohort_3_genomes	locally_built_fastvep_from_cohort_blueprint	4676153	0.8299602258523192	418.9525234500179	207.20452863106038	0.49457758823066356	2.021927446363815	True	fastvep_complete_record_and_header_v3	strict_complete_record_and_header_validated
fastvep	light	hu6664F3	pgp	GRCh37	gnomad_af_0.1	locally_built_fastvep_from_bundled_blueprint	4989374	0.7857430611535635	378.669809356099	255.28858088096604	0.6741719951613414	1.4833010080175195	True	fastvep_complete_record_and_header_v3	strict_complete_record_and_header_validated
fastvep	light	hu6664F3	pgp	GRCh37	gnomad_af_0.01	locally_built_fastvep_from_bundled_blueprint	4989374	0.8716103463079737	378.669809356099	221.861968421028	0.5858982230410406	1.706781076770654	True	fastvep_complete_record_and_header_v3	strict_complete_record_and_header_validated
fastvep	light	hu6664F3	pgp	GRCh37	cohort_3_genomes	locally_built_fastvep_from_cohort_blueprint	4989374	0.7508168359397391	378.669809356099	249.5580033409642	0.6590385533119733	1.517361913008788	True	fastvep_complete_record_and_header_v3	strict_complete_record_and_header_validated
fastvep	light	LP6005443-DNA_D06	sgdp	GRCh38	gnomad_af_0.1	locally_built_fastvep_from_bundled_blueprint	4748089	0.8283865361411717	405.5457974940073	206.63927565899212	0.5095337615033371	1.9625784894990728	True	fastvep_complete_record_and_header_v3	strict_complete_record_and_header_validated
fastvep	light	LP6005443-DNA_D06	sgdp	GRCh38	gnomad_af_0.01	locally_built_fastvep_from_bundled_blueprint	4748089	0.9279920827094859	405.5457974940073	187.8120111930184	0.4631092526505436	2.1593176864349704	True	fastvep_complete_record_and_header_v3	strict_complete_record_and_header_validated
fastvep	light	LP6005443-DNA_D06	sgdp	GRCh38	cohort_3_genomes	locally_built_fastvep_from_cohort_blueprint	4748089	0.8190549924401165	405.5457974940073	217.02541608805768	0.5351440390434934	1.8686557768397862	True	fastvep_complete_record_and_header_v3	strict_complete_record_and_header_validated
fastvep	light	KPGP-00086	kpgp	GRCh38	gnomad_af_0.1	locally_built_fastvep_from_bundled_blueprint	4789204	0.8121616869943314	433.5543188599404	225.47345748904627	0.5200581511491883	1.9228618910986581	True	fastvep_complete_record_and_header_v3	strict_complete_record_and_header_validated
fastvep	light	KPGP-00086	kpgp	GRCh38	gnomad_af_0.01	locally_built_fastvep_from_bundled_blueprint	4789204	0.9176714961400684	433.5543188599404	199.09147275600117	0.45920767962714637	2.1776639293400972	True	fastvep_complete_record_and_header_v3	strict_complete_record_and_header_validated
fastvep	light	KPGP-00086	kpgp	GRCh38	cohort_3_genomes	locally_built_fastvep_from_cohort_blueprint	4789204	0.8255599469139339	433.5543188599404	222.80806532106362	0.5139103813034365	1.9458645639025414	True	fastvep_complete_record_and_header_v3	strict_complete_record_and_header_validated
fastvep	light	KPGP-00343	kpgp	GRCh38	gnomad_af_0.1	locally_built_fastvep_from_bundled_blueprint	5052647	0.8057093638245458	536.0955966340844	263.63597723306157	0.4917704582696061	2.033469036588132	True	fastvep_complete_record_and_header_v3	strict_complete_record_and_header_validated
fastvep	light	KPGP-00343	kpgp	GRCh38	gnomad_af_0.01	locally_built_fastvep_from_bundled_blueprint	5052647	0.9167315666421977	536.0955966340844	235.71740273805335	0.4396928536962855	2.274314880475047	True	fastvep_complete_record_and_header_v3	strict_complete_record_and_header_validated
fastvep	light	KPGP-00343	kpgp	GRCh38	cohort_3_genomes	locally_built_fastvep_from_cohort_blueprint	5052647	0.8123587497800657	536.0955966340844	275.1027743209852	0.5131599215666725	1.9487102518587371	True	fastvep_complete_record_and_header_v3	strict_complete_record_and_header_validated
fastvep	light	KPGP-00362	kpgp	GRCh38	gnomad_af_0.1	locally_built_fastvep_from_bundled_blueprint	5049460	0.8118711703825756	428.9055096739903	227.8866416089004	0.5313213201250697	1.882100269879263	True	fastvep_complete_record_and_header_v3	strict_complete_record_and_header_validated
fastvep	light	KPGP-00362	kpgp	GRCh38	gnomad_af_0.01	locally_built_fastvep_from_bundled_blueprint	5049460	0.9226186562523517	428.9055096739903	193.80909606593195	0.45186898208243026	2.2130308555181584	True	fastvep_complete_record_and_header_v3	strict_complete_record_and_header_validated
fastvep	light	KPGP-00362	kpgp	GRCh38	cohort_3_genomes	locally_built_fastvep_from_cohort_blueprint	5049460	0.8163144177793269	428.9055096739903	230.01342007191852	0.5362799378509989	1.864697762156156	True	fastvep_complete_record_and_header_v3	strict_complete_record_and_header_validated
fastvep	light	KPGP-00338	kpgp	GRCh38	gnomad_af_0.1	locally_built_fastvep_from_bundled_blueprint	5084881	0.8041830280787299	454.4088923059171	240.54765316296834	0.5293638774151165	1.889059761468802	True	fastvep_complete_record_and_header_v3	strict_complete_record_and_header_validated
fastvep	light	KPGP-00338	kpgp	GRCh38	gnomad_af_0.01	locally_built_fastvep_from_bundled_blueprint	5084881	0.9168719975944373	454.4088923059171	209.81973362201825	0.46174213835754657	2.1657109389172913	True	fastvep_complete_record_and_header_v3	strict_complete_record_and_header_validated
fastvep	light	KPGP-00338	kpgp	GRCh38	cohort_3_genomes	locally_built_fastvep_from_cohort_blueprint	5084881	0.8088659301958099	454.4088923059171	249.22808462299872	0.5484665657801727	1.8232651949851093	True	fastvep_complete_record_and_header_v3	strict_complete_record_and_header_validated
fastvep	light	hu1D5A29	pgp	GRCh37	gnomad_af_0.1	locally_built_fastvep_from_bundled_blueprint	3641537	0.8806775820209982	197.48856452398468	111.6234904610319	0.5652149567752588	1.7692383897718065	True	fastvep_complete_record_and_header_v3	strict_complete_record_and_header_validated
fastvep	light	hu1D5A29	pgp	GRCh37	gnomad_af_0.01	locally_built_fastvep_from_bundled_blueprint	3641537	0.9593556237379985	197.48856452398468	104.48110961203929	0.5290489090539225	1.890184409959867	True	fastvep_complete_record_and_header_v3	strict_complete_record_and_header_validated
fastvep	light	hu1D5A29	pgp	GRCh37	cohort_3_genomes	locally_built_fastvep_from_cohort_blueprint	3641537	0.8170440119103555	197.48856452398468	118.0190840959549	0.5975995844641508	1.6733612706519352	True	fastvep_complete_record_and_header_v3	strict_complete_record_and_header_validated
fastvep	light	LP6005442-DNA_B04	sgdp	GRCh38	gnomad_af_0.1	locally_built_fastvep_from_bundled_blueprint	4823693	0.8481429062753372	396.5851594140986	202.21634469600394	0.509893877508557	1.9611924051455552	True	fastvep_complete_record_and_header_v3	strict_complete_record_and_header_validated
fastvep	light	LP6005442-DNA_B04	sgdp	GRCh38	gnomad_af_0.01	locally_built_fastvep_from_bundled_blueprint	4823693	0.940855688784506	396.5851594140986	182.78886512794998	0.46090697240914413	2.1696352189532653	True	fastvep_complete_record_and_header_v3	strict_complete_record_and_header_validated
fastvep	light	LP6005442-DNA_B04	sgdp	GRCh38	cohort_3_genomes	locally_built_fastvep_from_cohort_blueprint	4823693	0.8153559938412333	396.5851594140986	213.8459671229357	0.5392182789665262	1.8545365374419704	True	fastvep_complete_record_and_header_v3	strict_complete_record_and_header_validated
fastvep	light	KPGP-00128	kpgp	GRCh38	gnomad_af_0.1	locally_built_fastvep_from_bundled_blueprint	4598973	0.8197597594071546	397.330338965985	212.32253225403838	0.5343728163487034	1.871352676269844	True	fastvep_complete_record_and_header_v3	strict_complete_record_and_header_validated
fastvep	light	KPGP-00128	kpgp	GRCh38	gnomad_af_0.01	locally_built_fastvep_from_bundled_blueprint	4598973	0.9183093703746467	397.330338965985	195.611654393957	0.4923149208867815	2.0312201754900125	True	fastvep_complete_record_and_header_v3	strict_complete_record_and_header_validated
fastvep	light	KPGP-00128	kpgp	GRCh38	cohort_3_genomes	locally_built_fastvep_from_cohort_blueprint	4598973	0.844058010342744	397.330338965985	207.54037295503076	0.5223370898258994	1.9144725111006589	True	fastvep_complete_record_and_header_v3	strict_complete_record_and_header_validated
fastvep	light	KPGP-00351	kpgp	GRCh38	gnomad_af_0.1	locally_built_fastvep_from_bundled_blueprint	5003856	0.8119224454100997	503.80961000407115	262.4243821450509	0.520880064480966	1.9198277457526731	True	fastvep_complete_record_and_header_v3	strict_complete_record_and_header_validated
fastvep	light	KPGP-00351	kpgp	GRCh38	gnomad_af_0.01	locally_built_fastvep_from_bundled_blueprint	5003856	0.9192596669448522	503.80961000407115	219.32996075996198	0.4353429478214789	2.2970396213012045	True	fastvep_complete_record_and_header_v3	strict_complete_record_and_header_validated
fastvep	light	KPGP-00351	kpgp	GRCh38	cohort_3_genomes	locally_built_fastvep_from_cohort_blueprint	5003856	0.8156561659648079	503.80961000407115	264.97465707501397	0.5259420459900969	1.9013501727504578	True	fastvep_complete_record_and_header_v3	strict_complete_record_and_header_validated
