target	role	source	sha256	bytes	note
figures/main/figure1_workflow_v3.svg	main	drafts/gigascience_technical_note/scripts/render_publication_figures_v3.R	e1c083e4f44d001e5087c907a8233f3ac52b94c1931bfae3897fcde2c9497392	243708	Zenodo, cohort, and per-sample recipe-specific cache workflow
figures/main/figure1_workflow_v3.pdf	main	drafts/gigascience_technical_note/scripts/render_publication_figures_v3.R	a00c39984c99a32c617a99f066c48ae6e073d249355ca3a425f9c8c10b07809e	19847	Zenodo, cohort, and per-sample recipe-specific cache workflow
figures/main/figure1_workflow_v3.png	main	drafts/gigascience_technical_note/scripts/render_publication_figures_v3.R	8dd443399c0a62344b5778d53eac6bdd9b89dfe62ced5bbceb858e62f9b45a84	332483	Zenodo, cohort, and per-sample recipe-specific cache workflow
figures/main/figure2_assay_annotator_v3.svg	main	drafts/gigascience_technical_note/scripts/render_publication_figures_v3.R	26072bbf5b46520b5170259278ff4b3c22cf39ee6db4455764025252e015cfc0	167169	matched Panel, WES, and WGS use-case boundary for VEP and fastVEP
figures/main/figure2_assay_annotator_v3.pdf	main	drafts/gigascience_technical_note/scripts/render_publication_figures_v3.R	7b114729f2989d43937dd9edcd55340ff3ce6662f4b6809ebb555a73e5043c27	24925	matched Panel, WES, and WGS use-case boundary for VEP and fastVEP
figures/main/figure2_assay_annotator_v3.png	main	drafts/gigascience_technical_note/scripts/render_publication_figures_v3.R	5917c4d97005dd97ee8d2e31c3bcbbda41c0d9b2876a21176cee4964648a2788	303671	matched Panel, WES, and WGS use-case boundary for VEP and fastVEP
figures/main/figure3_pipeline_complexity_v3.svg	main	drafts/gigascience_technical_note/scripts/render_publication_figures_v3.R	d7ae7bd52ad9fecb2831d985aa1fac690a0759ba670f56354effd8ec1139cab2	244587	absolute time returned and hit-rate speedup ceilings
figures/main/figure3_pipeline_complexity_v3.pdf	main	drafts/gigascience_technical_note/scripts/render_publication_figures_v3.R	3472114aae5137c08506d3f3db06850af61b4bc8208106a910fd42ed3a0f11e7	30230	absolute time returned and hit-rate speedup ceilings
figures/main/figure3_pipeline_complexity_v3.png	main	drafts/gigascience_technical_note/scripts/render_publication_figures_v3.R	2cfc61d862b9637ce8c1d67aa88be1a9493d35f21a9ca419dcb233072c2d8d3d	420344	absolute time returned and hit-rate speedup ceilings
supplement/figures/supplementary_figure1_external_wgs_v2.svg	supplement	drafts/gigascience_technical_note/scripts/render_publication_figures.R	f40282c56fc20b66e492e70bf37dd54888d457ad541cb1bbbb4f0ea1e16f709b	269082	cache coverage and wall time returned in 52 independent WGS samples
supplement/figures/supplementary_figure1_external_wgs_v2.pdf	supplement	drafts/gigascience_technical_note/scripts/render_publication_figures.R	9ace828a021122871a7d6c6eb96946c428c5045d6e41935d089d96a22740274d	37294	cache coverage and wall time returned in 52 independent WGS samples
supplement/figures/supplementary_figure1_external_wgs_v2.png	supplement	drafts/gigascience_technical_note/scripts/render_publication_figures.R	64851335f2e8591e4746f087818f92bd75a9b073ac0224088faf0873dee47dd6	383322	cache coverage and wall time returned in 52 independent WGS samples
supplement/figures/supplementary_figure2_fastvep_cpu_complexity.svg	supplement	drafts/gigascience_technical_note/scripts/render_fastvep_cpu_complexity.R	041f8e49a8850aebee6ad60b1ddac606efae2f0dadba05f3696d78e866a56fbf	176435	enforced-CPU fastVEP workload-complexity interaction in held-out KPGP WGS
supplement/figures/supplementary_figure2_fastvep_cpu_complexity.pdf	supplement	drafts/gigascience_technical_note/scripts/render_fastvep_cpu_complexity.R	d55551a4fc63db2dbf08a08992610b499a0d9d50b95296c5f165f7758cf3e219	22751	enforced-CPU fastVEP workload-complexity interaction in held-out KPGP WGS
supplement/figures/supplementary_figure2_fastvep_cpu_complexity.png	supplement	drafts/gigascience_technical_note/scripts/render_fastvep_cpu_complexity.R	031f089960f9e187b8c89a80a4a7cffa536c507f1de8606f38d36e70dda01096	327353	enforced-CPU fastVEP workload-complexity interaction in held-out KPGP WGS
supplement/figures/supplementary_figure3_matched_assays_v3.svg	supplement	drafts/gigascience_technical_note/scripts/render_publication_figures_v3.R	6a012e4f35f324f43abdece8d9238488a5ff3ea6cedfe09464b5119100f6ff97	130125	sample-level cache coverage and speedup in the matched assay extension
supplement/figures/supplementary_figure3_matched_assays_v3.pdf	supplement	drafts/gigascience_technical_note/scripts/render_publication_figures_v3.R	2824453692182ecb35ba809ce7f25c21d9a1b1486441aa55c9536cc0f7f451a1	24854	sample-level cache coverage and speedup in the matched assay extension
supplement/figures/supplementary_figure3_matched_assays_v3.png	supplement	drafts/gigascience_technical_note/scripts/render_publication_figures_v3.R	a5bfe581e3420560c127de5d4ebfcef551ef609a1de47e634c9459e2c6585c3e	247677	sample-level cache coverage and speedup in the matched assay extension
figures/candidates/headliner_before_after.svg	candidate	benchmarks/figures/output/final/2026-08-09T223718Z-light-matched-final/repository/headliner_before_after.svg	119e6b887168ec5239668ff7df830a17ac9bb1ae452613a164a63236c4a44bce	76861	simplified measured VEP and fastVEP headline; not cited
figures/candidates/headliner_before_after.pdf	candidate	benchmarks/figures/output/final/2026-08-09T223718Z-light-matched-final/repository/headliner_before_after.pdf	382d69b9aa2434dc815b32c3d2f1dffdffc99c1ab2c1d3d404f1d7bae06ae2cf	27912	simplified measured VEP and fastVEP headline; not cited
figures/candidates/headliner_before_after.png	candidate	benchmarks/figures/output/final/2026-08-09T223718Z-light-matched-final/repository/headliner_before_after.png	807dc1abe69e44a54c11e13ab997377d018d2613c5db40039adbab73afe886d2	159962	simplified measured VEP and fastVEP headline; not cited
figures/candidates/headliner_workflow_doodle.svg	candidate	benchmarks/figures/output/final/2026-08-09T223718Z-light-matched-final/repository/headliner_workflow_doodle.svg	3c32fbc70cf6a75881957e885de56bc4fd4ba5f7bc85121ecb4c101a5a9bec8d	99505	repository-style workflow headline; not cited
figures/candidates/headliner_workflow_doodle.pdf	candidate	benchmarks/figures/output/final/2026-08-09T223718Z-light-matched-final/repository/headliner_workflow_doodle.pdf	371c3b2988ee522718ec69d49be8a6f71390c711983c7c17ba50412154740e05	30092	repository-style workflow headline; not cited
figures/candidates/headliner_workflow_doodle.png	candidate	benchmarks/figures/output/final/2026-08-09T223718Z-light-matched-final/repository/headliner_workflow_doodle.png	881b26b6d6ad2cc071783dbe16ae5995cfc4a8dc77275b2f20387ef2d56ef26d	215611	repository-style workflow headline; not cited
figures/candidates/headliner_cache_coverage.svg	candidate	benchmarks/figures/output/final/2026-08-12T223200Z-pipeline-complexity-dual-cache-final-v2/repository/headliner_cache_coverage.svg	3bf37781eca76923f4321432adf67b948bf25a56cd15b3dc87c8ac8042f9e888	112937	simplified cache-depth headline; not cited
figures/candidates/headliner_cache_coverage.pdf	candidate	benchmarks/figures/output/final/2026-08-12T223200Z-pipeline-complexity-dual-cache-final-v2/repository/headliner_cache_coverage.pdf	09dd5d7df3a4d880da3ba243bc737552ea73648717aff07bc418e9912964f677	26178	simplified cache-depth headline; not cited
figures/candidates/headliner_cache_coverage.png	candidate	benchmarks/figures/output/final/2026-08-12T223200Z-pipeline-complexity-dual-cache-final-v2/repository/headliner_cache_coverage.png	eda79c53e704a4001193dd928b326edf74b4afb0a089f3becbfc31f7d202b592	226011	simplified cache-depth headline; not cited
